MSFT,MICROSOFT CORP
AAPL,APPLE INC
AMZN,AMAZON COM INC
FB,FACEBOOK CLASS A INC
GOOG,ALPHABET INC CLASS C
GOOGL,ALPHABET INC CLASS A
JNJ,JOHNSON & JOHNSON
BRKB,BERKSHIRE HATHAWAY INC CLASS B
V,VISA INC CLASS A
JPM,JPMORGAN CHASE & CO
PG,PROCTER & GAMBLE
UNH,UNITEDHEALTH GROUP INC
INTC,INTEL CORPORATION CORP
HD,HOME DEPOT INC
MA,MASTERCARD INC CLASS A
VZ,VERIZON COMMUNICATIONS INC
T,AT&T INC
PFE,PFIZER INC
MRK,MERCK & CO INC
XOM,EXXON MOBIL CORP
PEP,PEPSICO INC
BAC,BANK OF AMERICA CORP
NFLX,NETFLIX INC
DIS,WALT DISNEY
CSCO,CISCO SYSTEMS INC
CVX,CHEVRON CORP
KO,COCA-COLA
WMT,WALMART INC
NVDA,NVIDIA CORP
ADBE,ADOBE INC
CMCSA,COMCAST CORP CLASS A
ABT,ABBOTT LABORATORIES
PYPL,PAYPAL HOLDINGS INC
BMY,BRISTOL MYERS SQUIBB
MCD,MCDONALDS CORP
AMGN,AMGEN INC
CRM,SALESFORCE.COM INC
COST,COSTCO WHOLESALE CORP
LLY,ELI LILLY
TMO,THERMO FISHER SCIENTIFIC INC
MDT,MEDTRONIC PLC
ABBV,ABBVIE INC
ACN,ACCENTURE PLC CLASS A
PM,PHILIP MORRIS INTERNATIONAL INC
NEE,NEXTERA ENERGY INC
TSLA,TESLA INC
IBM,INTERNATIONAL BUSINESS MACHINES CO
UNP,UNION PACIFIC CORP
AMT,AMERICAN TOWER REIT CORP
ORCL,ORACLE CORP
TXN,TEXAS INSTRUMENT INC
GILD,GILEAD SCIENCES INC
WFC,WELLS FARGO
AVGO,BROADCOM INC
NKE,NIKE INC CLASS B
DHR,DANAHER CORP
LIN,LINDE PLC
HON,HONEYWELL INTERNATIONAL INC
C,CITIGROUP INC
LMT,LOCKHEED MARTIN CORP
QCOM,QUALCOMM INC
RTX,RAYTHEON TECHNOLOGIES CORP
SBUX,STARBUCKS CORP
MMM,3M
LOW,LOWES COMPANIES INC
FIS,FIDELITY NATIONAL INFORMATION SERV
CVS,CVS HEALTH CORP
CHTR,CHARTER COMMUNICATIONS INC CLASS A
MDLZ,MONDELEZ INTERNATIONAL INC CLASS A
MO,ALTRIA GROUP INC
SPGI,S&P GLOBAL INC
BA,BOEING
VRTX,VERTEX PHARMACEUTICALS INC
ANTM,ANTHEM INC
BDX,BECTON DICKINSON
CI,CIGNA CORP
INTU,INTUIT INC
NOW,SERVICENOW INC
CCI,CROWN CASTLE INTERNATIONAL REIT CO
PLD,PROLOGIS REIT INC
UPS,UNITED PARCEL SERVICE INC CLASS B
ADP,AUTOMATIC DATA PROCESSING INC
D,DOMINION ENERGY INC
AGN,ALLERGAN
SYK,STRYKER CORP
CME,CME GROUP INC CLASS A
ZTS,ZOETIS INC CLASS A
DUK,DUKE ENERGY CORP
BKNG,BOOKING HOLDINGS INC
CL,COLGATE-PALMOLIVE
TJX,TJX INC
CAT,CATERPILLAR INC
ISRG,INTUITIVE SURGICAL INC
EQIX,EQUINIX REIT INC
AXP,AMERICAN EXPRESS
SO,SOUTHERN
FISV,FISERV INC
BLK,BLACKROCK INC
GS,GOLDMAN SACHS GROUP INC
TGT,TARGET CORP
AMD,ADVANCED MICRO DEVICES INC
GE,GENERAL ELECTRIC
BIIB,BIOGEN INC
NEM,NEWMONT
ITW,ILLINOIS TOOL INC
ATVI,ACTIVISION BLIZZARD INC
NOC,NORTHROP GRUMMAN CORP
MMC,MARSH & MCLENNAN INC
HUM,HUMANA INC
BSX,BOSTON SCIENTIFIC CORP
ICE,INTERCONTINENTAL EXCHANGE INC
MU,MICRON TECHNOLOGY INC
APD,AIR PRODUCTS AND CHEMICALS INC
ECL,ECOLAB INC
GPN,GLOBAL PAYMENTS INC
USB,US BANCORP
TFC,TRUIST FINANCIAL CORP
CSX,CSX CORP
KMB,KIMBERLY CLARK CORP
ILMN,ILLUMINA INC
CB,CHUBB LTD
DG,DOLLAR GENERAL CORP
MS,MORGAN STANLEY
REGN,REGENERON PHARMACEUTICALS INC
PGR,PROGRESSIVE CORP
PNC,PNC FINANCIAL SERVICES GROUP INC
AMAT,APPLIED MATERIAL INC
COP,CONOCOPHILLIPS
SHW,SHERWIN WILLIAMS
NSC,NORFOLK SOUTHERN CORP
EW,EDWARDS LIFESCIENCES CORP
WM,WASTE MANAGEMENT INC
BAX,BAXTER INTERNATIONAL INC
LHX,L3HARRIS TECHNOLOGIES INC
AON,AON PLC CLASS A
SCHW,CHARLES SCHWAB CORP
AEP,AMERICAN ELECTRIC POWER INC
MCO,MOODYS CORP
ADSK,AUTODESK INC
DLR,DIGITAL REALTY TRUST REIT INC
CNC,CENTENE CORP
EL,ESTEE LAUDER INC CLASS A
ADI,ANALOG DEVICES INC
DE,DEERE
GIS,GENERAL MILLS INC
SRE,SEMPRA ENERGY
ROP,ROPER TECHNOLOGIES INC
EXC,EXELON CORP
LRCX,LAM RESEARCH CORP
EMR,EMERSON ELECTRIC
DD,DUPONT DE NEMOURS INC
EA,ELECTRONIC ARTS INC
TMUS,T MOBILE US INC
ETN,EATON PLC
XEL,XCEL ENERGY INC
PSX,PHILLIPS
SBAC,SBA COMMUNICATIONS REIT CORP CLASS
WBA,WALGREEN BOOTS ALLIANCE INC
DXCM,DEXCOM INC
ALL,ALLSTATE CORP
GD,GENERAL DYNAMICS CORP
ROST,ROSS STORES INC
CTSH,COGNIZANT TECHNOLOGY SOLUTIONS COR
EBAY,EBAY INC
ORLY,OREILLY AUTOMOTIVE INC
KMI,KINDER MORGAN INC
BK,BANK OF NEW YORK MELLON CORP
COF,CAPITAL ONE FINANCIAL CORP
WEC,WEC ENERGY GROUP INC
FDX,FEDEX CORP
HCA,HCA HEALTHCARE INC
EOG,EOG RESOURCES INC
PSA,PUBLIC STORAGE REIT
MET,METLIFE INC
MSCI,MSCI INC
ES,EVERSOURCE ENERGY
STZ,CONSTELLATION BRANDS INC CLASS A
UBER,UBER TECHNOLOGIES INC
VLO,VALERO ENERGY CORP
KR,KROGER
AFL,AFLAC INC
GM,GENERAL MOTORS
LULU,LULULEMON ATHLETICA INC
ED,CONSOLIDATED EDISON INC
SYY,SYSCO CORP
INFO,IHS MARKIT LTD
YUM,YUM BRANDS INC
TROW,T ROWE PRICE GROUP INC
CLX,CLOROX
DOW,DOW INC
VEEV,VEEVA SYSTEMS INC CLASS A
PEG,PUBLIC SERVICE ENTERPRISE GROUP IN
VRSK,VERISK ANALYTICS INC
WDAY,WORKDAY INC CLASS A
TRV,TRAVELERS COMPANIES INC
APH,AMPHENOL CORP CLASS A
MSI,MOTOROLA SOLUTIONS INC
AZO,AUTOZONE INC
KLAC,KLA CORP
WLTW,WILLIS TOWERS WATSON PLC
IQV,IQVIA HOLDINGS INC
PRU,PRUDENTIAL FINANCIAL INC
ZBH,ZIMMER BIOMET HOLDINGS INC
IDXX,IDEXX LABORATORIES INC
A,AGILENT TECHNOLOGIES INC
WMB,WILLIAMS INC
PCAR,PACCAR INC
EQR,EQUITY RESIDENTIAL REIT
CSGP,COSTAR GROUP INC
MAR,MARRIOTT INTERNATIONAL INC CLASS A
MNST,MONSTER BEVERAGE CORP
SLB,SCHLUMBERGER NV
CMI,CUMMINS INC
SNPS,SYNOPSYS INC
CMG,CHIPOTLE MEXICAN GRILL INC
FE,FIRSTENERGY CORP
ALXN,ALEXION PHARMACEUTICALS INC
AVB,AVALONBAY COMMUNITIES REIT INC
AWK,AMERICAN WATER WORKS INC
RMD,RESMED INC
MCK,MCKESSON CORP
SQ,SQUARE INC CLASS A
ROK,ROCKWELL AUTOMATION INC
JCI,JOHNSON CONTROLS INTERNATIONAL PLC
ANSS,ANSYS INC
VRSN,VERISIGN INC
HPQ,HP INC
PAYX,PAYCHEX INC
CDNS,CADENCE DESIGN SYSTEMS INC
BLL,BALL CORP
TWTR,TWITTER INC
SPLK,SPLUNK INC
CERN,CERNER CORP
AIG,AMERICAN INTERNATIONAL GROUP INC
XLNX,XILINX INC
STT,STATE STREET CORP
FAST,FASTENAL
PPG,PPG INDUSTRIES INC
TT,TRANE TECHNOLOGIES PLC
MPC,MARATHON PETROLEUM CORP
OTIS,OTIS WORLDWIDE CORP
PH,PARKER-HANNIFIN CORP
EIX,EDISON INTERNATIONAL
FLT,FLEETCOR TECHNOLOGIES INC
WELL,WELLTOWER INC
TEAM,ATLASSIAN PLC CLASS A
HLT,HILTON WORLDWIDE HOLDINGS INC
MKC,MCCORMICK & CO NON-VOTING INC
SPG,SIMON PROPERTY GROUP REIT INC
ADM,ARCHER DANIELS MIDLAND
PPL,PPL CORP
MCHP,MICROCHIP TECHNOLOGY INC
ETR,ENTERGY CORP
CTVA,CORTEVA INC
F,FORD MOTOR CO
HSY,HERSHEY FOODS
SPOT,SPOTIFY TECHNOLOGY SA
DTE,DTE ENERGY
DLTR,DOLLAR TREE INC
AME,AMETEK INC
SGEN,SEATTLE GENETICS INC
INCY,INCYTE CORP
ARE,ALEXANDRIA REAL ESTATE EQUITIES RE
PANW,PALO ALTO NETWORKS INC
KHC,KRAFT HEINZ
FTV,FORTIVE CORP
CTAS,CINTAS CORP
TDG,TRANSDIGM GROUP INC
KEYS,KEYSIGHT TECHNOLOGIES INC
CHD,CHURCH AND DWIGHT INC
AEE,AMEREN CORP
RNG,RINGCENTRAL INC CLASS A
EFX,EQUIFAX INC
CTXS,CITRIX SYSTEMS INC
VFC,VF CORP
DOCU,DOCUSIGN INC
MRVL,MARVELL TECHNOLOGY GROUP LTD
FRC,FIRST REPUBLIC BANK
SWKS,SKYWORKS SOLUTIONS INC
MKTX,MARKETAXESS HOLDINGS INC
IAC,IAC INTERACTIVE
ALGN,ALIGN TECHNOLOGY INC
APTV,APTIV PLC
MTD,METTLER TOLEDO INC
RSG,REPUBLIC SERVICES INC
YUMC,YUM CHINA HOLDINGS INC
O,REALTY INCOME REIT CORP
BBY,BEST BUY INC
BMRN,BIOMARIN PHARMACEUTICAL INC
CMS,CMS ENERGY CORP
OKTA,OKTA INC CLASS A
CAG,CONAGRA BRANDS INC
TSN,TYSON FOODS INC CLASS A
ESS,ESSEX PROPERTY TRUST REIT INC
SWK,STANLEY BLACK & DECKER INC
K,KELLOGG
CPRT,COPART INC
CDW,CDW CORP
AKAM,AKAMAI TECHNOLOGIES INC
DHI,D R HORTON INC
GLW,CORNING INC
TIF,TIFFANY
LVS,LAS VEGAS SANDS CORP
LH,LABORATORY CORPORATION OF AMERICA
TFX,TELEFLEX INC
FTNT,FORTINET INC
AJG,ARTHUR J GALLAGHER
DPZ,DOMINOS PIZZA INC
ALNY,ALNYLAM PHARMACEUTICALS INC
VMC,VULCAN MATERIALS
ODFL,OLD DOMINION FREIGHT LINE INC
LUV,SOUTHWEST AIRLINES
NTRS,NORTHERN TRUST CORP
DGX,QUEST DIAGNOSTICS INC
LYB,LYONDELLBASELL INDUSTRIES NV CLASS
TRU,TRANSUNION
AMP,AMERIPRISE FINANCE INC
TTWO,TAKE TWO INTERACTIVE SOFTWARE INC
WST,WEST PHARMACEUTICAL SERVICES INC
COO,COOPER INC
CAH,CARDINAL HEALTH INC
OXY,OCCIDENTAL PETROLEUM CORP
TWLO,TWILIO INC CLASS A
MXIM,MAXIM INTEGRATED PRODUCTS INC
BXP,BOSTON PROPERTIES REIT INC
IFF,INTERNATIONAL FLAVORS & FRAGRANCES
PXD,PIONEER NATURAL RESOURCE
MTB,M&T BANK CORP
LEN,LENNAR A CORP
LBRDK,LIBERTY BROADBAND CORP SERIES C
CARR,CARRIER GLOBAL CORP
WY,WEYERHAEUSER REIT
LDOS,LEIDOS HOLDINGS INC
CBRE,CBRE GROUP INC CLASS A
HOLX,HOLOGIC INC
DOV,DOVER CORP
BR,BROADRIDGE FINANCIAL SOLUTIONS INC
IP,INTERNATIONAL PAPER
EVRG,EVERGY INC
HRL,HORMEL FOODS CORP
DAL,DELTA AIR LINES INC
DFS,DISCOVER FINANCIAL SERVICES
ABC,AMERISOURCEBERGEN CORP
SJM,JM SMUCKER
PEAK,HEALTHPEAK PROPERTIES INC
FCX,FREEPORT MCMORAN INC
MAA,MID AMERICA APARTMENT COMMUNITIES
ANET,ARISTA NETWORKS INC
TDOC,TELADOC HEALTH INC
HIG,HARTFORD FINANCIAL SERVICES GROUP
HES,HESS CORP
FITB,FIFTH THIRD BANCORP
JKHY,JACK HENRY AND ASSOCIATES INC
NUE,NUCOR CORP
XYL,XYLEM INC
SSNC,SS AND C TECHNOLOGIES HOLDINGS INC
ATO,ATMOS ENERGY CORP
EXPD,EXPEDITORS INTERNATIONAL OF WASHIN
HPE,HEWLETT PACKARD ENTERPRISE
ZBRA,ZEBRA TECHNOLOGIES CORP CLASS A
NDAQ,NASDAQ INC
TSCO,TRACTOR SUPPLY
PAYC,PAYCOM SOFTWARE INC
INVH,INVITATION HOMES INC
DRE,DUKE REALTY REIT CORP
OKE,ONEOK INC
TYL,TYLER TECHNOLOGIES INC
MLM,MARTIN MARIETTA MATERIALS INC
SUI,SUN COMMUNITIES REIT INC
KSU,KANSAS CITY SOUTHERN
NLOK,NORTONLIFELOCK INC
ULTA,ULTA BEAUTY INC
STE,STERIS
WDC,WESTERN DIGITAL CORP
BURL,BURLINGTON STORES INC
KMX,CARMAX INC
FMC,FMC CORP
GRMN,GARMIN LTD
GWW,WW GRAINGER INC
OMC,OMNICOM GROUP INC
GDDY,GODADDY INC CLASS A
CXO,CONCHO RESOURCES INC
LNT,ALLIANT ENERGY CORP
WAT,WATER CORP
COUP,COUPA SOFTWARE INC
IEX,IDEX CORP
PODD,INSULET CORP
SYF,SYNCHRONY FINANCIAL
TDY,TELEDYNE TECHNOLOGIES INC
MRNA,MODERNA INC
TTD,TRADE DESK INC CLASS A
MKL,MARKEL CORP
EPAM,EPAM SYSTEMS INC
VTR,VENTAS REIT INC
MAS,MASCO CORP
CTL,CENTURYLINK INC
QRVO,QORVO INC
BFB,BROWN FORMAN CORP CLASS B
MOH,MOLINA HEALTHCARE INC
EXR,EXTRA SPACE STORAGE REIT INC
EXAS,EXACT SCIENCES CORP
GPC,GENUINE PARTS
KEY,KEYCORP
MASI,MASIMO CORP
ROKU,ROKU INC CLASS A
UDR,UDR REIT INC
VAR,VARIAN MEDICAL SYSTEMS INC
CBOE,CBOE GLOBAL MARKETS INC
WPC,W. P. CAREY REIT INC
J,JACOBS ENGINEERING GROUP INC
ELS,EQUITY LIFESTYLE PROPERTIES REIT I
FDS,FACTSET RESEARCH SYSTEMS INC
CTLT,CATALENT INC
IT,GARTNER INC
BAH,BOOZ ALLEN HAMILTON HOLDING CORP C
NVR,NVR INC
AMTD,TD AMERITRADE HOLDING CORP
LNG,CHENIERE ENERGY INC
BKI,BLACK KNIGHT INC
TER,TERADYNE INC
FICO,FAIR ISAAC CORP
RF,REGIONS FINANCIAL CORP
PKI,PERKINELMER INC
VMW,VMWARE CLASS A INC
PFG,PRINCIPAL FINANCIAL GROUP INC
SIVB,SVB FINANCIAL GROUP
CHRW,CH ROBINSON WORLDWIDE INC
ELAN,ELANCO ANIMAL HEALTH INC
IR,INGERSOLL RAND INC
WAB,WESTINGHOUSE AIR BRAKE TECHNOLOGIE
CE,CELANESE CORP
NTAP,NETAPP INC
BIO,BIO RAD LABORATORIES INC CLASS A
QGEN,QIAGEN NV
NI,NISOURCE INC
NBIX,NEUROCRINE BIOSCIENCES INC
CFG,CITIZENS FINANCIAL GROUP INC
ACGL,ARCH CAPITAL GROUP LTD
DRI,DARDEN RESTAURANTS INC
CINF,CINCINNATI FINANCIAL CORP
BKR,BAKER HUGHES CLASS A
PKG,PACKAGING CORP OF AMERICA
NDSN,NORDSON CORP
EXPE,EXPEDIA GROUP INC
AVY,AVERY DENNISON CORP
TECH,BIO TECHNE CORP
WTRG,ESSENTIAL UTILITIES INC
NLY,ANNALY CAPITAL MANAGEMENT REIT INC
CGNX,COGNEX CORP
ETFC,E TRADE FINANCIAL CORP
HAL,HALLIBURTON
HAS,HASBRO INC
XRAY,DENTSPLY SIRONA INC
ALLE,ALLEGION PLC
VIAC,VIACOMCBS INC CLASS B
JBHT,JB HUNT TRANSPORT SERVICES INC
URI,UNITED RENTALS INC
FOXA,FOX CORP CLASS A
LW,LAMB WESTON HOLDINGS INC
DOX,AMDOCS LTD
HBAN,HUNTINGTON BANCSHARES INC
AES,AES CORP
MPW,MEDICAL PROPERTIES TRUST REIT INC
MYL,MYLAN NV
W,WAYFAIR INC CLASS A
GL,GLOBE LIFE INC
CPB,CAMPBELL SOUP
BRO,BROWN & BROWN INC
PNW,PINNACLE WEST CORP
CABO,CABLE ONE INC
RPM,RPM INTERNATIONAL INC
NRG,NRG ENERGY INC
SRPT,SAREPTA THERAPEUTICS INC
FFIV,F5 NETWORKS INC
RGLD,ROYAL GOLD INC
POOL,POOL CORP
COG,CABOT OIL & GAS CORP
CNP,CENTERPOINT ENERGY INC
EMN,EASTMAN CHEMICAL
CCK,CROWN HOLDINGS INC
ZEN,ZENDESK INC
AAP,ADVANCE AUTO PARTS INC
TRMB,TRIMBLE INC
ETSY,ETSY INC
VST,VISTRA ENERGY CORP
MPWR,MONOLITHIC POWER SYSTEMS INC
HST,HOST HOTELS & RESORTS REIT INC
WU,WESTERN UNION
CPT,CAMDEN PROPERTY TRUST REIT
ABMD,ABIOMED INC
L,LOEWS CORP
CONE,CYRUSONE REIT INC
HSIC,HENRY SCHEIN INC
EXEL,EXELIXIS INC
RJF,RAYMOND JAMES INC
WRK,WESTROCK
SIRI,SIRIUS XM HOLDINGS INC
UHS,UNIVERSAL HEALTH SERVICES INC CLAS
WYNN,WYNN RESORTS LTD
LKQ,LKQ CORP
VICI,VICI PPTYS INC
GGG,GRACO INC
WRB,WR BERKLEY CORP
GWRE,GUIDEWIRE SOFTWARE INC
IONS,IONIS PHARMACEUTICALS INC
MGM,MGM RESORTS INTERNATIONAL
ATUS,ALTICE USA INC CLASS A
JNPR,JUNIPER NETWORKS INC
FBHS,FORTUNE BRANDS HOME AND SECURITY I
HII,HUNTINGTON INGALLS INDUSTRIES INC
CIEN,CIENA CORP
HRC,HILL ROM HOLDINGS INC
RCL,ROYAL CARIBBEAN CRUISES LTD
EQH,EQUITABLE HOLDINGS INC
WBC,WABCO HOLDINGS INC
ENTG,ENTEGRIS INC
ATR,APTARGROUP INC
PHM,PULTEGROUP INC
VNO,VORNADO REALTY TRUST REIT
FANG,DIAMONDBACK ENERGY INC
PTC,PTC INC
Y,ALLEGHANY CORP
MTN,VAIL RESORTS INC
UAL,UNITED AIRLINES HOLDINGS INC
AGNC,AGNC INVESTMENT REIT CORP
HZNP,HORIZON THERAPEUTICS PUBLIC PLC
TAP,MOLSON COORS BREWING CLASS B
CRL,CHARLES RIVER LABORATORIES INTERNA
AZPN,ASPEN TECHNOLOGY INC
SNA,SNAP ON INC
DISCK,DISCOVERY INC SERIES C
PFPT,PROOFPOINT INC
FNF,FIDELITY NATIONAL FINANCIAL INC
MDB,MONGODB INC CLASS A
BFAM,BRIGHT HORIZONS FAMILY SOLUTIONS I
REG,REGENCY CENTERS REIT CORP
DVA,DAVITA INC
HUBS,HUBSPOT INC
WHR,WHIRLPOOL CORP
TTC,TORO
RE,EVEREST RE GROUP LTD
IRM,IRON MOUNTAIN INC
ZNGA,ZYNGA INC CLASS A
LNC,LINCOLN NATIONAL CORP
SEIC,SEI INVESTMENTS
CHE,CHEMED CORP
LII,LENNOX INTERNATIONAL INC
HUBB,HUBBELL INC
EHC,ENCOMPASS HEALTH CORP
SCI,SERVICE
G,GENPACT LTD
CCL,CARNIVAL CORP
PRGO,PERRIGO PLC
OLED,UNIVERSAL DISPLAY CORP
CACI,CACI INTERNATIONAL INC CLASS A
FWONK,LIBERTY MEDIA FORMULA ONE CORP SER
ARMK,ARAMARK
RNR,RENAISSANCERE HOLDING LTD
RGA,REINSURANCE GROUP OF AMERICA INC
CSL,CARLISLE COMPANIES INC
IMMU,IMMUNOMEDICS INC
KDP,KEURIG DR PEPPER INC
AMH,AMERICAN HOMES RENT REIT CLASS A
OGE,OGE ENERGY CORP
GLIBA,GCI LIBERTY INC CLASS A
GNTX,GENTEX CORP
AIZ,ASSURANT INC
DELL,DELL TECHNOLOGIES INC CLASS C
DISH,DISH NETWORK CORP CLASS A
OHI,OMEGA HEALTHCARE INVESTORS REIT IN
IPG,INTERPUBLIC GROUP OF COMPANIES INC
ON,ON SEMICONDUCTOR CORP
KRC,KILROY REALTY REIT CORP
UGI,UGI CORP
ALB,ALBEMARLE CORP
CBSH,COMMERCE BANCSHARES INC
TREX,TREX INC
JAZZ,JAZZ PHARMACEUTICALS PLC
VOYA,VOYA FINANCIAL INC
TXT,TEXTRON INC
FIVN,FIVE9 INC
RGEN,REPLIGEN CORP
PNR,PENTAIR
GNRC,GENERAC HOLDINGS INC
LITE,LUMENTUM HOLDINGS INC
POST,POST HOLDINGS INC
FRT,FEDERAL REALTY INVESTMENT TRUST RE
ROL,ROLLINS INC
XPO,XPO LOGISTICS INC
ALLY,ALLY FINANCIAL INC
PCG,PG&E CORP
RS,RELIANCE STEEL & ALUMINUM
CF,CF INDUSTRIES HOLDINGS INC
FLIR,FLIR SYSTEMS INC
AOS,A O SMITH CORP
NUAN,NUANCE COMMUNICATIONS INC
BWA,BORGWARNER INC
CASY,CASEYS GENERAL STORES INC
CDAY,CERIDIAN HCM HOLDING INC
VER,VEREIT INC
LEA,LEAR CORP
HAE,HAEMONETICS CORP
COLD,AMERICOLD REALTY TRUST
SBNY,SIGNATURE BANK
CZR,CAESARS ENTERTAINMENT CORP
DCI,DONALDSON INC
AIV,APARTMENT INVESTMENT AND MANAGEMEN
BERY,BERRY GLOBAL GROUP INC
PEN,PENUMBRA INC
AMED,AMEDISYS INC
PRAH,PRA HEALTH SCIENCES INC
WEX,WEX INC
NVCR,NOVOCURE LTD
LYV,LIVE NATION ENTERTAINMENT INC
Z,ZILLOW GROUP INC CLASS C
AVTR,AVANTOR INC
ACM,AECOM
PB,PROSPERITY BANCSHARES INC
GLPI,GAMING AND LEISURE PROPERTIES REIT
LYFT,LYFT INC CLASS A
ACAD,ACADIA PHARMACEUTICALS INC
ST,SENSATA TECHNOLOGIES HOLDING PLC
PBCT,PEOPLES UNITED FINANCIAL INC
NYT,NEW YORK TIMES CLASS A
INGR,INGREDION INC
WSO,WATSCO INC
NNN,NATIONAL RETAIL PROPERTIES REIT IN
HTA,HEALTHCARE TRUST OF AMERICA REIT I
HEIA,HEICO CORP CLASS A
JLL,JONES LANG LASALLE INC
BEN,FRANKLIN RESOURCES INC
FAF,FIRST AMERICAN FINANCIAL CORP
BG,BUNGE LTD
LSXMK,LIBERTY MEDIA LIBERTY SIRIUSXM COR
DNKN,DUNKIN BRANDS GROUP INC
CHGG,CHEGG INC
STLD,STEEL DYNAMICS INC
WSM,WILLIAMS SONOMA INC
RHI,ROBERT HALF
SMG,SCOTTS MIRACLE GRO
MHK,MOHAWK INDUSTRIES INC
QDEL,QUIDEL CORP
NLSN,NIELSEN HOLDINGS PLC
ZION,ZIONS BANCORPORATION
AYX,ALTERYX INC CLASS A
PWR,QUANTA SERVICES INC
HFC,HOLLYFRONTIER CORP
LPLA,LPL FINANCIAL HOLDINGS INC
ARW,ARROW ELECTRONICS INC
IAA,IAA INC
UTHR,UNITED THERAPEUTICS CORP
TECD,TECH DATA CORP
RP,REALPAGE INC
MKSI,MKS INSTRUMENTS INC
SON,SONOCO PRODUCTS
EWBC,EAST WEST BANCORP INC
NYCB,NEW YORK COMMUNITY BANCORP INC
ZS,ZSCALER INC
NOV,NATIONAL OILWELL VARCO INC
FCN,FTI CONSULTING INC
LAMR,LAMAR ADVERTISING COMPANY CLAS
CDK,CDK GLOBAL INC
BWXT,BWX TECHNOLOGIES INC
FIVE,FIVE BELOW INC
COR,CORESITE REALTY REIT CORP
PLNT,PLANET FITNESS INC CLASS A
DEI,DOUGLAS EMMETT REIT INC
MRCY,MERCURY SYSTEMS INC
SAIC,SCIENCE APPLICATIONS INTERNATIONAL
NWL,NEWELL BRANDS INC
CUBE,CUBESMART REIT
MRO,MARATHON OIL CORP
GBT,GLOBAL BLOOD THERAPEUTICS INC
KNX,KNIGHT-SWIFT TRANSPORTATION HOLDIN
HWM,HOWMET AEROSPACE INC
NATI,NATIONAL INSTRUMENTS CORP
SMAR,SMARTSHEET INC CLASS A
APA,APACHE CORP
IDA,IDACORP INC
AFG,AMERICAN FINANCIAL GROUP INC
HDS,HD SUPPLY HOLDINGS INC
LEG,LEGGETT & PLATT INC
FR,FIRST INDUSTRIAL REALTY TRUST INC
TNDM,TANDEM DIABETES CARE INC
MANH,MANHATTAN ASSOCIATES INC
BYND,BEYOND MEAT INC
CMA,COMERICA INC
REXR,REXFORD INDUSTRIAL REALTY REIT INC
SERV,SERVICEMASTER GLOBAL HOLDINGS INC
XLRN,ACCELERON PHARMA INC
LECO,LINCOLN ELECTRIC HOLDINGS INC
ACC,AMERICAN CAMPUS COMMUNITIES REIT I
EEFT,EURONET WORLDWIDE INC
LM,LEGG MASON INC
DVN,DEVON ENERGY CORP
OC,OWENS CORNING
IPGP,IPG PHOTONICS CORP
OSK,OSHKOSH CORP
MDU,MDU RESOURCES GROUP INC
NBL,NOBLE ENERGY INC
MMS,MAXIMUS INC
GRUB,GRUBHUB INC
PRI,PRIMERICA INC
USFD,US FOODS HOLDING CORP
SEE,SEALED AIR CORP
IPHI,INPHI CORP
ERIE,ERIE INDEMNITY CLASS A
OGS,ONE GAS INC
DXC,DXC TECHNOLOGY
MAN,MANPOWER INC
CREE,CREE INC
MTCH,MATCH GROUP INC
FLO,FLOWERS FOODS INC
KIM,KIMCO REALTY REIT CORP
CUZ,COUSINS PROPERTIES REIT INC
ORI,OLD REPUBLIC INTERNATIONAL CORP
POR,PORTLAND GENERAL ELECTRIC
KMPR,KEMPER CORP
HELE,HELEN OF TROY LTD
CW,CURTISS WRIGHT CORP
DBX,DROPBOX INC CLASS A
TPR,TAPESTRY INC
HE,HAWAIIAN ELECTRIC INDUSTRIES INC
TCF,TCF FINANCIAL CORP
AVLR,AVALARA INC
SRCL,STERICYCLE INC
CRUS,CIRRUS LOGIC INC
ITT,ITT INC
ENPH,ENPHASE ENERGY INC
LOGM,LOGMEIN INC
SWX,SOUTHWEST GAS HOLDINGS INC
ICUI,ICU MEDICAL INC
EQC,EQUITY COMMONWEALTH REIT
LSTR,LANDSTAR SYSTEM INC
MSA,MSA SAFETY INC
DECK,DECKERS OUTDOOR CORP
LOPE,GRAND CANYON EDUCATION INC
TTEK,TETRA TECH INC
SAM,BOSTON BEER INC CLASS A
ALSN,ALLISON TRANSMISSION HOLDINGS INC
JBGS,JBG SMITH PROPERTIES
AXTA,AXALTA COATING SYSTEMS LTD
FOX,FOX CORP CLASS B
STOR,STORE CAPITAL CORP
JBL,JABIL INC
AAL,AMERICAN AIRLINES GROUP INC
WMGI,WRIGHT MEDICAL GROUP NV
PII,POLARIS INDUSTRIES INC
LSI,LIFE STORAGE INC
QTS,QTS REALTY REIT INC TRUST CLASS A
EQT,EQT CORP
NWSA,NEWS CORP CLASS A
SLG,SL GREEN REALTY REIT CORP
MOS,MOSAIC
EGP,EASTGROUP PROPERTIES REIT INC
AAXN,AXON ENTERPRISE INC
HR,HEALTHCARE REALTY TRUST REIT INC
PCTY,PAYLOCITY HOLDING CORP
SLAB,SILICON LABORATORIES INC
EBS,EMERGENT BIOSOLUTIONS INC
IOVA,IOVANCE BIOTHERAPEUTICS INC
BRKR,BRUKER CORP
DLB,DOLBY LABORATORIES INC CLASS A
GPK,GRAPHIC PACKAGING HOLDING
STAG,STAG INDUSTRIAL REIT INC
CFR,CULLEN FROST BANKERS INC
WEN,WENDYS
RARE,ULTRAGENYX PHARMACEUTICAL INC
DT,DYNATRACE INC
WING,WINGSTOP INC
LHCG,LHC GROUP INC
STWD,STARWOOD PROPERTY TRUST REIT INC
BPOP,POPULAR INC
EVBG,EVERBRIDGE INC
FSLR,FIRST SOLAR INC
HIW,HIGHWOODS PROPERTIES REIT INC
HEI,HEICO CORP
EV,EATON VANCE COM NON VOTING CORP
IART,INTEGRA LIFESCIENCES HOLDINGS CORP
MNTA,MOMENTA PHARMACEUTICALS INC
TRNO,TERRENO REALTY REIT CORP
AWI,ARMSTRONG WORLD INDUSTRIES INC
SITE,SITEONE LANDSCAPE SUPPLY INC
CVNA,CARVANA CLASS A
UBSI,UNITED BANKSHARES INC
CCMP,CABOT MICROELECTRONICS CORP
BKH,BLACK HILLS CORP
SR,SPIRE INC
CCOI,COGENT COMMUNICATIONS HOLDINGS INC
THG,HANOVER INSURANCE GROUP INC
ATH,ATHENE HOLDING LTD CLASS A
RL,RALPH LAUREN CORP CLASS A
FLS,FLOWSERVE CORP
FFIN,FIRST FINANCIAL BANKSHARES INC
RETA,REATA PHARMACEUTICALS INC CLASS A
OLLI,OLLIES BARGAIN OUTLET HOLDINGS INC
EXPO,EXPONENT INC
ARWR,ARROWHEAD PHARMACEUTICALS INC
HPP,HUDSON PACIFIC PROPERTIES REIT INC
NVRO,NEVRO CORP
SLM,SLM CORP
WH,WYNDHAM HOTELS RESORTS INC
HLF,HERBALIFE NUTRITION LTD
SNX,SYNNEX CORP
HQY,HEALTHEQUITY INC
UNM,UNUM
ALK,ALASKA AIR GROUP INC
BC,BRUNSWICK CORP
QTWO,Q2 HOLDINGS INC
PLAN,ANAPLAN INC
ESTC,ELASTIC NV
JCOM,J2 GLOBAL INC
VAC,MARRIOTT VACATIONS WORLDWIDE CORP
CRI,CARTERS INC
SKX,SKECHERS USA INC CLASS A
HALO,HALOZYME THERAPEUTICS INC
GMED,GLOBUS MEDICAL INC CLASS A
DISCA,DISCOVERY INC SERIES A
HBI,HANESBRANDS INC
JEF,JEFFERIES FINANCIAL GROUP INC
PVH,PVH CORP
CLGX,CORELOGIC INC
DAR,DARLING INGREDIENTS INC
QLYS,QUALYS INC
HRB,H&R BLOCK INC
MUSA,MURPHY USA INC
EME,EMCOR GROUP INC
THO,THOR INDUSTRIES INC
WAL,WESTERN ALLIANCE
LFUS,LITTELFUSE INC
HUN,HUNTSMAN CORP
MSGS,MADISON SQUARE GARDEN SPORTS CORP
SSD,SIMPSON MANUFACTURING INC
ASH,ASHLAND GLOBAL
FTDR,FRONTDOOR INC
STRA,STRATEGIC EDUCATION INC
CHDN,CHURCHILL DOWNS INC
IVZ,INVESCO LTD
SYNH,SYNEOS HEALTH INC CLASS A
NFG,NATIONAL FUEL GAS
AMG,AFFILIATED MANAGERS GROUP INC
NJR,NEW JERSEY RESOURCES CORP
NEOG,NEOGEN CORP
BRX,BRIXMOR PROPERTY GROUP REIT INC
PSTG,PURE STORAGE INC CLASS A
AYI,ACUITY BRANDS INC
LBRDA,LIBERTY BROADBAND CORP SERIES A
NKTR,NEKTAR THERAPEUTICS
TXRH,TEXAS ROADHOUSE INC
HOG,HARLEY DAVIDSON INC
AGCO,AGCO CORP
PNM,PNM RESOURCES INC
QRTEA,QURATE RETAIL INC SERIES A
CACC,CREDIT ACCEPTANCE CORP
NCLH,NORWEGIAN CRUISE LINE HOLDINGS LTD
ACIW,ACI WORLDWIDE INC
BPMC,BLUEPRINT MEDICINES CORP
VVV,VALVOLINE INC
GBCI,GLACIER BANCORP INC
PFGC,PERFORMANCE FOOD GROUP
OMCL,OMNICELL INC
PEGA,PEGASYSTEMS INC
RYN,RAYONIER REIT INC
ENV,ENVESTNET INC
BLUE,BLUEBIRD BIO INC
FGEN,FIBROGEN INC
NUVA,NUVASIVE INC
CBU,COMMUNITY BANK SYSTEM INC
FOLD,AMICUS THERAPEUTICS INC
WWD,WOODWARD INC
IRTC,IRHYTHM TECHNOLOGIES INC
JHG,JANUS HENDERSON GROUP PLC
BJ,BJAS WHOLESALE CLUB HOLDINGS INC
NTNX,NUTANIX INC CLASS A
VLY,VALLEY NATIONAL
THS,TREEHOUSE FOODS INC
AVT,AVNET INC
IBKR,INTERACTIVE BROKERS GROUP INC CLAS
AJRD,AEROJET ROCKETDYNE HOLDINGS INC
MIDD,MIDDLEBY CORP
PRSP,PERSPECTA INC
NXST,NEXSTAR MEDIA GROUP INC CLASS A
AXS,AXIS CAPITAL HOLDINGS LTD
AWR,AMERICAN STATES WATER
MORN,MORNINGSTAR INC
BLD,TOPBUILD CORP
XRX,XEROX HOLDINGS CORP
WTM,WHITE MOUNTAINS INSURANCE GROUP LT
ALE,ALLETE INC
RLI,RLI CORP
MAT,MATTEL INC
KEX,KIRBY CORP
ROLL,RBC BEARINGS INC
LSXMA,LIBERTY MEDIA LIBERTY SIRIUSXM COR
TOL,TOLL BROTHERS INC
NWE,NORTHWESTERN CORP
FCFS,FIRSTCASH INC
MRTX,MIRATI THERAPEUTICS INC
PTCT,PTC THERAPEUTICS INC
BXMT,BLACKSTONE MORTGAGE TRUST REIT CLA
KSS,KOHLS CORP
COHR,COHERENT INC
BCPC,BALCHEM CORP
PNFP,PINNACLE FINANCIAL PARTNERS INC
NEU,NEWMARKET CORP
RXN,REXNORD CORP
BHF,BRIGHTHOUSE FINANCIAL INC
GH,GUARDANT HEALTH INC
RDN,RADIAN GROUP INC
EE,EL PASO ELECTRIC
SMTC,SEMTECH CORP
VRNT,VERINT SYSTEMS INC
KBR,KBR INC
VIAV,VIAVI SOLUTIONS INC
POWI,POWER INTEGRATIONS INC
AGO,ASSURED GUARANTY LTD
SF,STIFEL FINANCIAL CORP
TRGP,TARGA RESOURCES CORP
SLGN,SILGAN HOLDINGS INC
LSCC,LATTICE SEMICONDUCTOR CORP
FHN,FIRST HORIZON NATIONAL CORP
IIVI,II VI INC
SRC,SPIRIT REALTY CAPITAL REIT INC
SIGI,SELECTIVE INSURANCE GROUP INC
AXE,ANIXTER INTERNATIONAL INC
SNV,SYNOVUS FINANCIAL CORP
PE,PARSLEY ENERGY INC CLASS A
AVA,AVISTA CORP
DOC,PHYSICIANS REALTY TRUST REIT
LB,L BRANDS INC
NVST,ENVISTA HOLDINGS CORP
OFC,CORPORATE OFFICE PROPERTIES TRUST
RBC,REGAL BELOIT CORP
STMP,STAMPS.COM INC
TDC,TERADATA CORP
NOVT,NOVANTA INC
FCNCA,FIRST CITIZENS BANCSHARES INC CLAS
GRA,WR GRACE
LAZ,LAZARD LTD CLASS A
NEWR,NEW RELIC INC
CVBF,CVB FINANCIAL CORP
ARNA,ARENA PHARMACEUTICALS INC
NG,NOVAGOLD RESOURCES INC
FRPT,FRESHPET INC
FND,FLOOR DECOR HOLDINGS INC CLASS A
ADC,AGREE REALTY REIT CORP
BOH,BANK OF HAWAII CORP.
HXL,HEXCEL CORP
MSM,MSC INDUSTRIAL INC CLASS A
SAFM,SANDERSON FARMS INC
CR,CRANE
MYOK,MYOKARDIA INC
SCCO,SOUTHERN COPPER CORP
NVT,NVENT ELECTRIC PLC
ASGN,ASGN INC
UNF,UNIFIRST CORP
CLH,CLEAN HARBORS INC
BL,BLACKLINE INC
BFA,BROWN FORMAN CORP CLASS A
JBLU,JETBLUE AIRWAYS CORP
UMPQ,UMPQUA HOLDINGS CORP
LANC,LANCASTER COLONY CORP
CHNG,CHANGE HEALTHCARE INC
NRZ,NEW RESIDENTIAL INVESTMENT REIT CO
LAD,LITHIA MOTORS INC CLASS A
BLKB,BLACKBAUD INC
ACIA,ACACIA COMMUNICATIONS INC
SJI,S JERSEY INDS INC
VMI,VALMONT INDS INC
LIVN,LIVANOVA PLC
OZK,BANK OZK
HMSY,HMS HOLDINGS CORP
FL,FOOT LOCKER INC
ORA,ORMAT TECH INC
CHH,CHOICE HOTELS INTERNATIONAL INC
PRLB,PROTO LABS INC
BRKS,BROOKS AUTOMATION INC
AL,AIR LEASE CORP CLASS A
TCO,TAUBMAN CENTERS REIT INC
SFM,SPROUTS FARMERS MARKET INC
EXP,EAGLE MATERIALS INC
XEC,CIMAREX ENERGY
WBS,WEBSTER FINANCIAL CORP
WPX,WPX ENERGY INC
NEO,NEOGENOMICS INC
FNB,FNB CORP
TKR,TIMKEN
SBRA,SABRA HEALTH CARE REIT INC
UFPI,UNIVERSAL FOREST PRODUCTS INC
ESNT,ESSENT GROUP LTD
UHAL,AMERCO
RAMP,LIVERAMP HOLDINGS INC
AXSM,AXSOME THERAPEUTICS INC
PSB,PS BUSINESS PARKS REIT INC
HLI,HOULIHAN LOKEY INC CLASS A
TPX,TEMPUR SEALY INTERNATIONAL INC
TGNA,TEGNA INC
FELE,FRANKLIN ELECTRIC INC
WTS,WATTS WATER TECHNOLOGIES INC CLASS
MTG,MGIC INVESTMENT CORP
EHTH,EHEALTH INC
ITGR,INTEGER HOLDINGS CORP
ENS,ENERSYS
LXP,LEXINGTON REALTY TRUST REIT
NCR,NCR CORP
STL,STERLING BANCORP
RH,RH
ARES,ARES MANAGEMENT CORP CLASS A
SAIA,SAIA INC
ENR,ENERGIZER HOLDINGS INC
GO,GROCERY OUTLET HOLDING CORP
NTRA,NATERA INC
ONB,OLD NATIONAL BANCORP
ITRI,ITRON INC
AGIO,AGIOS PHARMACEUTICALS INC
INDB,INDEPENDENT BANK CORP
UNVR,UNIVAR SOLUTIONS INC
WTFC,WINTRUST FINANCIAL CORP
BCO,BRINKS
ASB,ASSOCIATED BANCORP
BHVN,BIOHAVEN PHARMACEUTICAL HOLDING CO
ZG,ZILLOW GROUP INC CLASS A
CFX,COLFAX CORP
KNSL,KINSALE CAPITAL GROUP INC
ADSW,ADVANCED DISPOSAL SERVICES INC
AGR,AVANGRID INC
VSAT,VIASAT INC
BBIO,BRIDGEBIO PHARMA INC
CWT,CALIFORNIA WATER SERVICE GROUP
FHI,FEDERATED HERMES INC CLASS B
SHEN,SHENANDOAH TELECOMMUNICATIONS
WDFC,WD-40
SYNA,SYNAPTICS INC
KBH,KB HOME
FHB,FIRST HAWAIIAN INC
JBT,JOHN BEAN TECHNOLOGIES CORP
UMBF,UMB FINANCIAL CORP
WYND,WYNDHAM DESTINATIONS INC
INSM,INSMED INC
PACW,PACWEST BANCORP
CCXI,CHEMOCENTRYX INC
HAIN,HAIN CELESTIAL GROUP INC
MGEE,MGE ENERGY INC
CNNE,CANNAE HOLDINGS INC
VSH,VISHAY INTERTECHNOLOGY INC
HOMB,HOME BANCSHARES INC
NHI,NATIONAL HEALTH INVESTORS REIT INC
CBRL,CRACKER BARREL OLD COUNTRY STORE I
ADPT,ADAPTIVE BIOTECHNOLOGIES CORP
RPD,RAPID7 INC
BOX,BOX INC CLASS A
MEDP,MEDPACE HOLDINGS INC
ALKS,ALKERMES
BXS,BANCORPSOUTH
CNX,CNX RESOURCES CORP
ESI,ELEMENT SOLUTIONS INC
CWST,CASELLA WASTE SYSTEMS INC CLASS A
MTZ,MASTEC INC
CNO,CNO FINANCIAL GROUP INC
AAN,AARONS INC
FEYE,FIREEYE INC
PCH,POTLATCHDELTIC CORP
SPR,SPIRIT AEROSYSTEMS INC CLASS A
HHC,HOWARD HUGHES CORP
EXLS,EXLSERVICE HOLDINGS INC
AEIS,ADVANCED ENERGY INDUSTRIES INC
LPX,LOUISIANA PACIFIC CORP
EPR,EPR PROPERTIES REIT
ABM,ABM INDUSTRIES INC
TNET,TRINET GROUP INCINARY
LCII,LCI INDUSTRIES
PK,PARK HOTELS RESORTS INC
MMSI,MERIT MEDICAL SYSTEMS INC
IRDM,IRIDIUM COMMUNICATIONS INC
OUT,OUTFRONT MEDIA INC
AN,AUTONATION INC
FN,FABRINET
MTH,MERITAGE CORP
PDM,PIEDMONT OFFICE REALTY TRUST REIT
SPB,SPECTRUM BRANDS HOLDINGS INC
VRNS,VARONIS SYSTEMS INC
WRI,WEINGARTEN REALTY INVESTORS REIT
MIC,MACQUARIE INFRASTRUCTURE CORP
BLDR,BUILDERS FIRSTSOURCE INC
PBH,PRESTIGE CONSUMER HEALTHCARE INC
SHO,SUNSTONE HOTEL INVESTORS REIT INC
LVGO,LIVONGO HEALTH INC
IBKC,IBERIABANK CORP
BRC,BRADY NONVOTING CORP CLASS A
VG,VONAGE HOLDINGS CORP
WERN,WERNER ENTERPRISES INC
SAGE,SAGE THERAPEUTICS INC
STAY,EXTENDED STAY AMERICA UNITS INC
ISBC,INVESTORS BANCORP INC
GATX,GATX CORP
NWN,NORTHWEST NATURAL HOLDING COMPANY
POL,POLYONE CORP
COLM,COLUMBIA SPORTSWEAR
ICPT,INTERCEPT PHARMACEUTICALS INC
CATY,CATHAY GENERAL BANCORP
NGVT,INGEVITY CORP
NSIT,INSIGHT ENTERPRISES INC
CSOD,CORNERSTONE ONDEMAND INC
MANT,MANTECH INTERNATIONAL CORP CLASS A
SXT,SENSIENT TECHNOLOGIES CORP
ROG,ROGERS CORP
HP,HELMERICH & PAYNE INC
H,HYATT HOTELS CORP CLASS A
CLDR,CLOUDERA INC
EVR,EVERCORE INC CLASS A
PINC,PREMIER INC CLASS A
CPRI,CAPRI HOLDINGS LTD
TRN,TRINITY INDUSTRIES INC
WAFD,WASHINGTON FEDERAL INC
NSP,INSPERITY INC
JWN,NORDSTROM INC
AMN,AMN HEALTHCARE INC
APLS,APELLIS PHARMACEUTICALS INC
TRIP,TRIPADVISOR INC
SSB,SOUTH STATE CORP
CSFL,CENTERSTATE BANKS CORP
KAR,KAR AUCTION SERVICES INC
OLN,OLIN CORP
BDN,BRANDYWINE REALTY TRUST REIT
WWE,WORLD WRESTLING ENTERTAINMENT INC
TREE,LENDINGTREE INC
DEA,EASTERLY GOVERNMENT PROPERTIES INC
DIOD,DIODES INC
EYE,NATIONAL VISION HOLDINGS INC
FOXF,FOX FACTORY HOLDING CORP
WRE,WASHINGTON REAL ESTATE INVESTMENT
NTCT,NETSCOUT SYSTEMS INC
HCSG,HEALTHCARE SERVICES INC
ADS,ALLIANCE DATA SYSTEMS CORP
KWR,QUAKER CHEMICAL CORP
CMC,COMMERCIAL METALS
SHOO,STEVEN MADDEN LTD
TMHC,TAYLOR MORRISON HOME CORP
SABR,SABRE CORP
AUB,ATLANTIC UNION BANKSHARES CORP
JJSF,J AND J SNACK FOODS CORP
COMM,COMMSCOPE HOLDING INC
ACHC,ACADIA HEALTHCARE COMPANY INC
WMS,ADVANCED DRAINAGE SYSTEMS INC
SPSC,SPS COMMERCE INC
THC,TENET HEALTHCARE CORP
CC,CHEMOURS
IDCC,INTERDIGITAL INC
DKS,DICKS SPORTING INC
KMT,KENNAMETAL INC
FULT,FULTON FINANCIAL CORP
CBT,CABOT CORP
ETRN,EQUITRANS MIDSTREAM CORP
ATGE,ADTALEM GLOBAL EDUCATION INC
SCL,STEPAN
PGRE,PARAMOUNT GROUP REIT INC
ESE,ESCO TECHNOLOGIES INC
UAA,UNDER ARMOUR INC CLASS A
SANM,SANMINA CORP
R,RYDER SYSTEM INC
AAON,AAON INC
TDS,TELEPHONE AND DATA SYSTEMS INC
CNMD,CONMED CORP
AIT,APPLIED INDUSTRIAL TECHNOLOGIES IN
APLE,APPLE HOSPITALITY REIT INC
HWC,HANCOCK WHITNEY CORP
BMI,BADGER METER INC
FUL,HB FULLER
SWN,SOUTHWESTERN ENERGY
SFNC,SIMMONS FIRST NATIONAL CORP CLASS
ENSG,ENSIGN GROUP INC
HASI,HANNON ARMSTRONG SUSTAINABLE INFRA
BKU,BANKUNITED INC
COLB,COLUMBIA BANKING SYSTEM INC
CARG,CARGURUS INC CLASS A
AIMC,ALTRA INDUSTRIAL MOTION CORP
FSS,FEDERAL SIGNAL CORP
GPS,GAP INC
RDFN,REDFIN CORP
OTTR,OTTER TAIL CORP
FORM,FORMFACTOR INC
LMNX,LUMINEX CORP
CWEN,CLEARWAY ENERGY INC CLASS C
ESGR,ENSTAR GROUP LTD
PRGS,PROGRESS SOFTWARE CORP
GNW,GENWORTH FINANCIAL A INC
RHP,RYMAN HOSPITALITY PROPERTIES REIT
VC,VISTEON CORP
JWA,JOHN WILEY AND SONS INC CLASS A
IOSP,INNOSPEC INC
SFBS,SERVISFIRST BANCSHARES INC
AEL,AMERICAN EQUITY INVESTMENT LIFE HO
PLXS,PLEXUS CORP
FATE,FATE THERAPEUTICS INC
CVLT,COMMVAULT SYSTEMS INC
FIT,FITBIT INC CLASS A
SJW,SJW GROUP
LGND,LIGAND PHARMACEUTICALS INC
DORM,DORMAN PRODUCTS INC
CLF,CLEVELAND CLIFFS INC
SUM,SUMMIT MATERIALS INC CLASS A
UA,UNDER ARMOUR INC CLASS C
BOKF,BOK FINANCIAL CORP
ACA,ARCOSA INC
PENN,PENN NATIONAL GAMING INC
MUR,MURPHY OIL CORP
MNRO,MONRO INC
KFY,KORN FERRY
APPN,APPIAN CORP CLASS A
M,MACYS INC
PPD,PPD INC
SIX,SIX FLAGS ENTERTAINMENT CORP
TPH,TRI POINTE GROUP INC
SEM,SELECT MEDICAL HOLDINGS CORP
REYN,REYNOLDS CONSUMER PRODUCTS INC
EPAY,BOTTOMLINE TECHNOLOGIES INC
B,BARNES GROUP INC
CFFN,CAPITOL FEDERAL FINANCIAL INC
WWW,WOLVERINE WORLD WIDE INC
DAN,DANA INCORPORATED INC
DK,DELEK US HOLDINGS INC
KEM,KEMET CORP
IRBT,IROBOT CORP
GHC,GRAHAM HOLDINGS COMPANY CLASS B
SPXC,SPX CORP
MOGA,MOOG INC CLASS A
MSGE,MADISON SQUARE GARDEN ENTERTAINMEN
AMBA,AMBARELLA INC
KW,KENNEDY WILSON HOLDINGS INC
INT,WORLD FUEL SERVICES CORP
SATS,ECHOSTAR CORP CLASS A
HGV,HILTON GRAND VACATIONS INC
MWA,MUELLER WATER PRODUCTS INC SERIES
YELP,YELP INC
APPF,APPFOLIO INC CLASS A
CIT,CIT GROUP INC
CXP,COLUMBIA PROPERTY REIT INC TRUST
DOOR,MASONITE INTERNATIONAL CORP
PCRX,PACIRA BIOSCIENCES INC
UCBI,UNITED COMMUNITY BANKS INC
STAA,STAAR SURGICAL
SC,SANTANDER CONSUMER USA HOLDINGS IN
SHAK,SHAKE SHACK INC CLASS A
COTY,COTY INC CLASS A
X,US STEEL CORP
MTX,MINERALS TECHNOLOGIES INC
TRMK,TRUSTMARK CORP
EVTC,EVERTEC INC
SMPL,THE SIMPLY GOOD FOODS COMPANY
IRWD,IRONWOOD PHARMA INC CLASS A
TRTN,TRITON INTERNATIONAL LTD
CMP,COMPASS MINERALS INTERNATIONAL INC
PZZA,PAPA JOHNS INTERNATIONAL INC
AIN,ALBANY INTERNATIONAL CORP CLASS A
ALRM,ALARM.COM HOLDINGS INC
IBOC,INTERNATIONAL BANCSHARES CORP
NAVI,NAVIENT CORP
HUBG,HUB GROUP INC CLASS A
WSFS,WSFS FINANCIAL CORP
MTSI,MACOM TECHNOLOGY SOLUTIONS INC
NSA,NATIONAL STORAGE AFFILIATES TRUST
ATRC,ATRICURE INC
CTRE,CARETRUST REIT INC
WLK,WESTLAKE CHEMICAL CORP
RUN,SUNRUN INC
GT,GOODYEAR TIRE & RUBBER
CNK,CINEMARK HOLDINGS INC
BAND,BANDWIDTH INC CLASS A
WABC,WESTAMERICA BANCORPORATION
YETI,YETI HOLDINGS INC
WSBC,WESBANCO INC
EPC,EDGEWELL PERSONAL CARE
MDC,MDC HOLDINGS INC
NUS,NU SKIN ENTERPRISES INC CLASS A
SAIL,SAILPOINT TECHNOLOGIES HOLDINGS IN
JACK,JACK IN THE BOX INC
BEAT,BIOTELEMETRY INC
CSII,CARDIOVASCULAR SYSTEMS INC
HI,HILLENBRAND INC
CSGS,CSG SYSTEMS INTERNATIONAL INC
CROX,CROCS INC
MGLN,MAGELLAN HEALTH INC
RLJ,RLJ LODGING TRUST REIT
TPTX,TURNING POINT THERAPEUTICS INC
CPK,CHESAPEAKE UTILITIES CORP
MTOR,MERITOR INC
AA,ALCOA CORP
EGHT,8X8 INC
OMF,ONEMAIN HOLDINGS INC
RGNX,REGENXBIO INC
NVTA,INVITAE CORP
FRME,FIRST MERCHANTS CORP
FFBC,FIRST FINANCIAL BANCORP
EGOV,NIC INC
CIM,CHIMERA INVESTMENT CORP
FG,FGL INC
MDLA,MEDALLIA INC
VIRT,VIRTU FINANCIAL INC CLASS A
LPSN,LIVEPERSON INC
PEB,PEBBLEBROOK HOTEL TRUST REIT
MLI,MUELLER INDUSTRIES INC
FMBI,FIRST MIDWEST BANCORP INC
FCPT,FOUR CORNERS PROPERTY INC TRUST
ABCB,AMERIS BANCORP
FLR,FLUOR CORP
AVNS,AVANOS MEDICAL INC
ROCK,GIBRALTAR INDUSTRIES INC
TWNK,HOSTESS BRANDS INC CLASS A
ONTO,ONTO INNOVATION INC
RNST,RENASANT CORP
GKOS,GLAUKOS CORP
KOD,KODIAK SCIENCES INC
KTOS,KRATOS DEFENSE AND SECURITY SOLUTI
GEO,GEO GROUP REIT INC
PSMT,PRICESMART INC
DNLI,DENALI THERAPEUTICS INC
ADNT,ADIENT PLC
CVCO,CAVCO INDUSTRIES INC
APAM,ARTISAN PARTNERS ASSET MANAGEMENT
SKYW,SKYWEST INC
UI,UBIQUITI INC
CLI,MACK-CALI REALTY REIT CORP
HTH,HILLTOP HOLDINGS INC
NGHC,NATIONAL GENERAL HOLDINGS CORP
TWOU,2U INC
CPA,COPA HOLDINGS A SA
TBPH,THERAVANCE BIOPHARMA INC
HLNE,HAMILTON LANE INC CLASS A
CALM,CAL MAINE FOODS INC
BECN,BEACON ROOFING SUPPLY INC
UFS,DOMTAR CORP
CXW,CORECIVIC REIT INC
GDOT,GREEN DOT CORP CLASS A
CORT,CORCEPT THERAPEUTICS INC
CWK,CUSHMAN AND WAKEFIELD PLC
XNCR,XENCOR INC
BMCH,BMC STOCK HOLDINGS INC
WK,WORKIVA INC CLASS A
CENTA,CENTRAL GARDEN AND PET CLASS A
TCBI,TEXAS CAPITAL BANCSHARES INC
CNS,COHEN & STEERS INC
RRC,RANGE RESOURCES CORP
FLOW,SPX FLOW INC
MNR,MONMOUTH REAL ESTATE INVESTMENT RE
TERP,TERRAFORM POWER INC CLASS A
PDCO,PATTERSON COMPANIES INC
MLHR,HERMAN MILLER INC
UNIT,UNITI GROUP INC
EPZM,EPIZYME INC
ABG,ASBURY AUTOMOTIVE GROUP INC.
MATX,MATSON INC
HL,HECLA MINING
RMBS,RAMBUS INC
AM,ANTERO MIDSTREAM CORP
OSIS,OSI SYSTEMS INC
AVAV,AEROVIRONMENT INC
FSCT,FORESCOUT TECHNOLOGIES INC
FWRD,FORWARD AIR CORP
VGR,VECTOR GROUP LTD
ICFI,ICF INTERNATIONAL INC
AAT,AMERICAN ASSETS TRUST REIT INC
VCYT,VERACYTE INC
PBF,PBF ENERGY INC CLASS A
BDC,BELDEN INC
GNL,GLOBAL NET LEASE INC
INOV,INOVALON HOLDINGS INC CLASS A
IIPR,INNOVATIVE INDUSTRIAL PROPERTIES I
OI,O I GLASS INC
CLR,CONTINENTAL RESOURCES INC
LTC,LTC PROPERTIES REIT INC
SVMK,SVMK INC
FIX,COMFORT SYSTEMS USA INC
AEO,AMERICAN EAGLE OUTFITTERS INC
UHT,UNIVERSAL HEALTH REALTY INCOME TRU
MC,MOELIS CLASS A
NBTB,NBT BANCORP INC
BYD,BOYD GAMING CORP
BGS,B AND G FOODS INC
GTLS,CHART INDUSTRIES INC
PPBI,PACIFIC PREMIER BANCORP INC
ERI,ELDORADO RESORTS INC
MGRC,MCGRATH RENT
ALLO,ALLOGENE THERAPEUTICS INC
CORE,CORE MARK HOLDING INC
VRRM,VERRA MOBILITY CORP CLASS A
OPI,OFFICE PROPERTIES INCOME TRUST
CMD,CANTEL MEDICAL CORP
HRTX,HERON THERAPEUTICS INC
NWBI,NORTHWEST BANCSHARES INC
ELY,CALLAWAY GOLF
HMN,HORACE MANN EDUCATORS CORP
EDIT,EDITAS MEDICINE INC
ALTR,ALTAIR ENGINEERING INC CLASS A
RPAI,RETAIL PROPERTIES OF AMERICA REIT
PRAA,PRA GROUP INC
PDCE,PDC ENERGY INC
DCPH,DECIPHERA PHARMACEUTICALS INC
TOWN,TOWNEBANK
AX,AXOS FINANCIAL INC
TWO,TWO HARBORS INVESTMENT REIT CORP
YEXT,YEXT INC
ARI,APOLLO COMMERCIAL REAL ESTATE FINA
WGO,WINNEBAGO INDUSTRIES INC
COKE,COCA COLA CONSOLIDATED INC
HTLF,HEARTLAND FINANCIAL USA INC
NAV,NAVISTAR INTERNATIONAL CORP
URBN,URBAN OUTFITTERS INC
CDNA,CAREDX INC
SBH,SALLY BEAUTY HOLDINGS INC
AQUA,EVOQUA WATER TECHNOLOGIES CORP
LGIH,LGI HOMES INC
UE,URBAN EDGE PROPERTIES
CUB,CUBIC CORP
ATSG,AIR TRANSPORT SERVICES GROUP INC
NWS,NEWS CORP CLASS B
ARVN,ARVINAS INC
TRS,TRIMAS CORP
HOPE,HOPE BANCORP INC
USNA,USANA HEALTH SCIENCES INC
SNDR,SCHNEIDER NATIONAL INC CLASS B
ESRT,EMPIRE STATE REALTY REIT INC TRUST
PRO,PROS HOLDINGS INC
KPTI,KARYOPHARM THERAPEUTICS INC
CBZ,CBIZ INC
TGTX,TG THERAPEUTICS INC
INFN,INFINERA CORP
THRM,GENTHERM INC
UVV,UNIVERSAL CORP
KN,KNOWLES CORP
FBP,FIRST BANCORP
AKBA,AKEBIA THERAPEUTICS INC
NTB,BANK OF NT BUTTERFIELD & SON LTD
PAG,PENSKE AUTOMOTIVE GROUP VOTING INC
MSEX,MIDDLESEX WATER
FIBK,FIRST INTERSTATE BANCSYSTEM INC CL
MINI,MOBILE MINI INC
DRH,DIAMONDROCK HOSPITALITY REIT
PRA,PROASSURANCE CORP
LILAK,LIBERTY LATIN AMERICA LTD CLASS C
PPC,PILGRIMS PRIDE CORP
RUSHA,RUSH ENTERPRISES INC CLASS A
BANR,BANNER CORP
DRQ,DRIL QUIP INC
LAUR,LAUREATE EDUCATION INC CLASS A
PJT,PJT PARTNERS INC CLASS A
SAFT,SAFETY INSURANCE GROUP INC
INO,INOVIO PHARMACEUTICALS INC
GTN,GRAY TELEVISION INC
WDR,WADDELL AND REED FINANCIAL INC CLA
EPRT,ESSENTIAL PROPERTIES REALTY TRUST
WD,WALKER & DUNLOP INC
PLUG,PLUG POWER INC
MXL,MAXLINEAR INC
BCC,BOISE CASCADE
CMPR,CIMPRESS PLC
MSTR,MICROSTRATEGY INC CLASS A
ILPT,INDUSTRIAL LOGISTICS PROPERTIES TR
PRNB,PRINCIPIA BIOPHARMA INC
RCUS,ARCUS BIOSCIENCES INC
DLX,DELUXE CORP
SUPN,SUPERNUS PHARMACEUTICALS INC
KALU,KAISER ALUMINIUM CORP
ALLK,ALLAKOS INC
OPK,OPKO HEALTH INC
ZGNX,ZOGENIX INC
KAMN,KAMAN CORP
PLMR,PALOMAR HOLDINGS INC
ATRI,ATRION CORP
LZB,LA-Z-BOY INC
STBA,S AND T BANCORP INC
CRS,CARPENTER TECHNOLOGY CORP
DDD,3D SYSTEMS CORP
IBP,INSTALLED BUILDING PRODUCTS INC
AMKR,AMKOR TECHNOLOGY INC
XHR,XENIA HOTELS RESORTS REIT INC
SGMO,SANGAMO THERAPEUTICS INC
WCC,WESCO INTERNATIONAL INC
WOR,WORTHINGTON INDUSTRIES INC
MAC,MACERICH REIT
MCY,MERCURY GENERAL CORP
EGBN,EAGLE BANCORP INC
TENB,TENABLE HOLDINGS INC
WW,WW INTERNATIONAL INC
MD,MEDNAX INC
TWST,TWIST BIOSCIENCE CORP
CVET,COVETRUS INC
ODP,OFFICE DEPOT INC
MYGN,MYRIAD GENETICS INC
AKR,ACADIA REALTY TRUST REIT
AMSF,AMERISAFE INC
AMCX,AMC NETWORKS CLASS A INC
GPI,GROUP AUTOMOTIVE INC
PRK,PARK NATIONAL CORP
CTB,COOPER TIRE AND RUBBER
ALEC,ALECTOR INC
SWCH,SWITCH INC CLASS A
ATKR,ATKORE INTERNATIONAL GROUP INC
ARGO,ARGO GROUP INTERNATIONAL HOLDINGS
MDRX,ALLSCRIPTS HEALTHCARE SOLUTIONS IN
SBCF,SEACOAST BANKING OF FLORIDA
BIG,BIG LOTS INC
CLNY,COLONY CAPITAL INC CLASS A
SCS,STEELCASE INC CLASS A
SVC,SERVICE PROPERTIES TRUST
MODN,MODEL N INC
DRNA,DICERNA PHARMACEUTICALS INC
TRHC,TABULA RASA HEALTHCARE INC
HNI,HNI CORP
HLIO,HELIOS TECHNOLOGIES INC
CYTK,CYTOKINETICS INC
ROIC,RETAIL OPPORTUNITY INVESTMENTS REI
CHRS,COHERUS BIOSCIENCES INC
SBGI,SINCLAIR BROADCAST GROUP INC CLASS
TNC,TENNANT
RCII,RENT-A-CENTER INC
SBSI,SOUTHSIDE BANCSHARES INC
ENDP,ENDO INTERNATIONAL PLC
TTMI,TTM TECHNOLOGIES INC
IBTX,INDEPENDENT BANK GROUP INC
LNN,LINDSAY CORP
MEI,METHODE ELECTRONICS INC
SKY,SKYLINE CHAMPION CORP
PRFT,PERFICIENT INC
SWAV,SHOCKWAVE MEDICAL INC
ADUS,ADDUS HOMECARE CORP
PS,PLURALSIGHT INC CLASS A
PLUS,EPLUS
SSYS,STRATASYS LTD
INVA,INNOVIVA INC
BGCP,BGC PARTNERS INC CLASS A
PRDO,PERDOCEO EDUCATION CORP
FBC,FLAGSTAR BANCORP INC
ALGT,ALLEGIANT TRAVEL
CDE,COEUR MINING INC
OSUR,ORASURE TECHNOLOGIES INC
SYKE,SYKES ENTERPRISES INC
STNG,SCORPIO TANKERS INC
AVYA,AVAYA HOLDINGS CORP
LRN,K12 INC
RCM,R1 RCM INC
GOLF,ACUSHNET HOLDINGS CORP
HURN,HURON CONSULTING GROUP INC
EPAC,ENERPAC TOOL GROUP CORP CLASS A
USPH,US PHYSICAL THERAPY INC
VREX,VAREX IMAGING CORP
EIG,EMPLOYERS HOLDINGS INC
REGI,RENEWABLE ENERGY INC
VBTX,VERITEX HOLDINGS INC
CNA,CNA FINANCIAL CORP
VRTU,VIRTUSA CORP
INSP,INSPIRE MEDICAL SYSTEMS INC
TEX,TEREX CORP
DY,DYCOM INDUSTRIES INC
ENTA,ENANTA PHARMACEUTICALS INC
VICR,VICOR CORP
KRTX,KARUNA THERAPEUTICS INC
MTRN,MATERION CORP
LKFN,LAKELAND FINANCIAL CORP
JRVR,JAMES RIVER GROUP HOLDINGS LTD
BUSE,FIRST BUSEY CORP
IRT,INDEPENDENCE REALTY INC TRUST
YMAB,Y MABS THERAPEUTICS INC
NYMT,NEW YORK MORTGAGE TRUST REIT INC
OCFC,OCEANFIRST FINANCIAL CORP
BLMN,BLOOMIN BRANDS INC
ESPR,ESPERION THERAPEUTICS INC
RVNC,REVANCE THERAPEUTICS INC
CSWI,CSW INDUSTRIALS INC
IMGN,IMMUNOGEN INC
MLAB,MESA LABORATORIES INC
MDGL,MADRIGAL PHARMACEUTICALS INC
NSTG,NANOSTRING TECHNOLOGIES INC
ALEX,ALEXANDER & BALDWIN INC
TRUP,TRUPANION INC
AMWD,AMERICAN WOODMARK CORP
PD,PAGERDUTY INC
ATI,ALLEGHENY TECHNOLOGIES INC
AR,ANTERO RESOURCES CORP
GCP,GCP APPLIED TECHNOLOGIES INC
ACLS,AXCELIS TECHNOLOGIES INC
SASR,SANDY SPRING BANCORP INC
HTLD,HEARTLAND EXPRESS INC
WIRE,ENCORE WIRE CORP
INGN,INOGEN INC
TMP,TOMPKINS FINANCIAL CORP
CRY,CRYOLIFE INC
PATK,PATRICK INDUSTRIES INC
CAKE,CHEESECAKE FACTORY INC
ARNC,ARCONIC CORP
ZUO,ZUORA INC CLASS A
CHCO,CITY HOLDING
SAVE,SPIRIT AIRLINES INC
PMT,PENNYMAC MORTGAGE INVESTMENT TRUST
CATM,CARDTRONICS PLC CLASS A
MED,MEDIFAST INC
KAI,KADANT INC
GWB,GREAT WESTERN BANCORP INC
KTB,KONTOOR BRANDS INC
NPO,ENPRO INDUSTRIES INC
SWM,SCHWEITZER MAUDUIT INTERNATIONAL I
TCMD,TACTILE SYSTEMS TECHNOLOGY INC
SFL,SFL LTD
CNST,CONSTELLATION PHARMACEUTICALS INC
NAT,NORDIC AMERICAN TANKERS LTD
OMER,OMEROS CORP
FCF,FIRST COMMONWEALTH FINANCIAL CORP
FDP,FRESH DEL MONTE PRODUCE INC
NHC,NATIONAL HEALTHCARE CORP
LTHM,LIVENT CORP
TFSL,TFS FINANCIAL CORP
ASTE,ASTEC INDUSTRIES INC
GTY,GETTY REALTY REIT CORP
CVGW,CALAVO GROWERS INC
ALG,ALAMO GROUP INC
FARO,FARO TECHNOLOGIES INC
IPAR,INTER PARFUMS INC
CAR,AVIS BUDGET GROUP INC
NMIH,NMI HOLDINGS INC CLASS A
PFS,PROVIDENT FINANCIAL SERVICES INC
AMBC,AMBAC FINANCIAL GROUP INC
MRTN,MARTEN TRANSPORT LTD
CVA,COVANTA HOLDING CORP
ECOL,US ECOLOGY INC
KRNY,KEARNY FINANCIAL TEST CORP
GLUU,GLU MOBILE INC
NP,NEENAH INC
JELD,JELD WEN HOLDING INC
SITC,SITE CENTERS CORP
AAWW,ATLAS AIR WORLDWIDE HOLDINGS INC
RGR,STURM RUGER INC
LADR,LADDER CAPITAL CORP CLASS A
CCF,CHASE CORP
ITCI,INTRA CELLULAR THERAPIES INC
MBUU,MALIBU BOATS CLASS A INC
BHE,BENCHMARK ELECTRONICS INC
CHCT,COMMUNITY HEALTHCARE TRUST INC
NTUS,NATUS MEDICAL INC
TCBK,TRICO BANCSHARES
TSE,TRINSEO
GVA,GRANITE CONSTRUCTION INC
FBNC,FIRST BANCORP
CRNC,CERENCE INC
NNI,NELNET INC CLASS A
SNBR,SLEEP NUMBER CORP
WHD,CACTUS INC CLASS A
CADE,CADENCE BANCORPORATION CLASS A
SEAS,SEAWORLD ENTERTAINMENT INC
GEF,GREIF INC CLASS A
ECPG,ENCORE CAPITAL GROUP INC
CERS,CERUS CORP
DHT,DHT HOLDINGS INC
AFIN,AMERICAN FIN INC TRUST CLASS A
HSC,HARSCO CORP
NTGR,NETGEAR INC
CDLX,CARDLYTICS INC
TIVO,TIVO CORP
FOE,FERRO CORP
GMS,GMS INC
HCC,WARRIOR MET COAL INC
BRKL,BROOKLINE BANCORP INC
SMP,STANDARD MOTOR PRODUCTS INC
ADVM,ADVERUM BIOTECHNOLOGIES INC
MFA,MFA FINANCIAL REIT INC
KDMN,KADMON INC
RAD,RITE AID CORP
SYBT,STOCK YARDS BANCORP INC
NRC,NATIONAL RESEARCH CORP
MTDR,MATADOR RESOURCES
INSW,INTERNATIONAL SEAWAYS INC
KRG,KITE REALTY GROUP TRUST REIT
SCHL,SCHOLASTIC CORP
FWONA,LIBERTY MEDIA FORMULA ONE CORP SER
RIG,TRANSOCEAN LTD
RTRX,RETROPHIN INC
PIPR,PIPER SANDLER COMPANIES
AZZ,AZZ INC
VCEL,VERICEL CORP
NBHC,NATIONAL BANK HOLDINGS CORP CLASS
SGMS,SCIENTIFIC GAMES CORP
XPER,XPERI CORP
AIMT,AIMMUNE THERAPEUTICS INC
GFF,GRIFFON CORP
EAT,BRINKER INTERNATIONAL INC
PLOW,DOUGLAS DYNAMICS INC
NVAX,NOVAVAX INC
DHC,DIVERSIFIED HEALTHCARE TRUST
RDUS,RADIUS HEALTH INC
STC,STEWART INFO SERVICES CORP
RAVN,RAVEN INDUSTRIES INC
APY,APERGY CORP
HFWA,HERITAGE FINANCIAL CORP
TBK,TRIUMPH BANCORP INC
SEB,SEABOARD CORP
GABC,GERMAN AMERICAN BANCORP INC
SWI,SOLARWINDS CORP
AERI,AERIE PHARMACEUTICALS INC
MHO,M I HOMES INC
BBBY,BED BATH AND BEYOND INC
ACCO,ACCO BRANDS CORP
EVOP,EVO PAYMENTS INC CLASS A
HA,HAWAIIAN HOLDINGS INC
BPYU,BROOKFIELD PROPERTY REIT INC CLASS
OXM,OXFORD INDUSTRIES INC
BHLB,BERKSHIRE HILLS BANCORP INC
PHR,PHREESIA INC
NXRT,NEXPOINT RESIDENTIAL TRUST INC
BRBR,BELLRING BRANDS INC CLASS A
TCDA,TRICIDA INC
CLBK,COLUMBIA FINANCIAL INC
SAFE,SAFEHOLD INC
MBI,MBIA INC
MATW,MATTHEWS INTERNATIONAL CORP CLASS
INSG,INSEEGO CORP
RRR,RED ROCK RESORTS ORS CLASS A INC
PETS,PETMED EXPRESS INC
PSN,PARSONS CORP
TROX,TRONOX HOLDINGS PLC
BCOR,BLUCORA INC
CTS,CTS CORP
SDGR,SCHRODINGER INC
SONO,SONOS INC
AMPH,AMPHASTAR PHARMACEUTICALS INC
UPLD,UPLAND SOFTWARE INC
IGT,INTERNATIONAL GAME TECHNOLOGY PLC
DIN,DINE BRANDS GLOBAL INC
EFSC,ENTERPRISE FINANCIAL SERVICES CORP
LGFB,LIONS GATE ENTERTAINMENT NON VOTIN
CVI,CVR ENERGY INC
WBT,WELBILT INC
IRET,INVESTORS REAL ESTATE TRUST REIT
SILK,SILK ROAD MEDICAL INC
OFG,OFG BANCORP
CBB,CINCINNATI BELL INC
TTEC,TTEC HOLDINGS INC
COLL,COLLEGIUM PHARMACEUTICAL INC
ANF,ABERCROMBIE AND FITCH CLASS A
IMAX,IMAX CORP
COOP,MR COOPER GROUP INC
ALX,ALEXANDERS REIT INC
CEVA,CEVA INC
BANF,BANCFIRST CORP
VNDA,VANDA PHARMACEUTICALS INC
DENN,DENNYS CORP
SFIX,STITCH FIX INC CLASS A
HRI,HERC HOLDINGS INC
FIZZ,NATIONAL BEVERAGE CORP
TTGT,TECHTARGET INC
ICHR,ICHOR HOLDINGS LTD
IMKTA,INGLES MARKETS INC CLASS A
UTL,UNITIL CORP
BATRK,LIBERTY MEDIA LIBERTY BRAVES CORP
PRSC,PROVIDENCE SERVICE CORP
SSTK,SHUTTERSTOCK INC
EGRX,EAGLE PHARMACEUTICALS INC
ATNI,ATN INTERNATIONAL INC
JBSS,JOHN B SANFILIPPO AND SON INC
SCSC,SCANSOURCE INC
DNOW,NOW INC
RYTM,RHYTHM PHARMACEUTICALS INC
PLAB,PHOTRONICS INC
AIR,AAR CORP
MAXR,MAXAR TECHNOLOGIES INC
COHU,COHU INC
PRIM,PRIMORIS SERVICES CORP
VRTS,VIRTUS INVESTMENT PARTNERS INC
PTEN,PATTERSON UTI ENERGY INC
LASR,NLIGHT INC
HNGR,HANGER INC
CMCO,COLUMBUS MCKINNON CORP
BPFH,BOSTON PRIVATE FINANCIAL HOLDINGS
FOCS,FOCUS FINANCIAL PARTNERS INC CLASS
REAL,THE REALREAL INC
KNL,KNOLL INC
RUBI,THE RUBICON PROJECT INC
MGY,MAGNOLIA OIL GAS CORP CLASS A
GSHD,GOOSEHEAD INSURANCE INC CLASS A
KOS,KOSMOS ENERGY LTD
GOOD,GLADSTONE COMMERCIAL REIT CORP
INN,SUMMIT HOTEL PROPERTIES REIT INC
UFCS,UNITED FIRE GROUP INC
AGM,FEDERAL AGRICULTURAL MORTGAGE NON
CRBP,CORBUS PHARMACEUTICALS HOLDINGS IN
REZI,RESIDEO TECHNOLOGIES INC
KURA,KURA ONCOLOGY INC
UCTT,ULTRA CLEAN HOLDINGS INC
PTLA,PORTOLA PHARMACEUTICALS INC
GOSS,GOSSAMER BIO INC
NCBS,NICOLET BANKSHARES INC
ANDE,ANDERSONS INC
ATEX,ANTERIX INC
WSC,WILLSCOT CORP
HSTM,HEALTHSTREAM INC
OFIX,ORTHOFIX MEDICAL INC
VSTO,VISTA OUTDOOR INC
ADT,ADT INC
UIS,UNISYS CORP
SAH,SONIC AUTOMOTIVE INC CLASS A
SKT,TANGER FACTORY OUTLET CENTERS REIT
GLNG,GOLAR LNG LTD
AROC,ARCHROCK INC
NFBK,NORTHFIELD BANCORP INC
CWENA,CLEARWAY ENERGY INC CLASS A
SPTN,SPARTANNASH
BOOT,BOOT BARN HOLDINGS INC
UVE,UNIVERSAL INSURANCE HOLDINGS INC
TBI,TRUEBLUE INC
STML,STEMLINE THERAPEUTICS INC
LLNW,LIMELIGHT NETWORKS INC
BKD,BROOKDALE SENIOR LIVING INC
FFWM,FIRST FOUNDATION INC
BSIG,BRIGHTSPHERE INVESTMENT GROUP INC
MMI,MARCUS & MILLICHAP INC
CDXS,CODEXIS INC
LNTH,LANTHEUS HOLDINGS INC
CASH,META FINANCIAL GROUP INC
MGPI,MGP INGREDIENTS INC
KFRC,KFORCE INC
GLT,GLATFELTER
SNDX,SYNDAX PHARMACEUTICALS INC
RCKT,ROCKET PHARMACEUTICALS INC
EBSB,MERIDIAN BANCORP INC
BILL,BILL COM HOLDINGS INC
WIFI,BOINGO WIRELESS INC
QCRH,QCR HOLDINGS INC
CKH,SEACOR HOLDINGS INC
CCS,CENTURY COMMUNITIES INC
STAR,ISTAR REIT INC
ARCH,ARCH COAL INC CLASS A
JOE,ST JOE
CVM,CEL SCI CORP
PETQ,PETIQ INC CLASS A
UNFI,UNITED NATURAL FOODS INC
PGTI,PGT INNOVATIONS INC
CNOB,CONNECTONE BANCORP INC
AEGN,AEGION CORP CLASS A
ATNX,ATHENEX INC
SXI,STANDEX INTERNATIONAL CORP
FDEF,FIRST DEFIANCE FINANCIAL CORP
PBI,PITNEY BOWES INC
BMRC,BANK OF MARIN BANCORP
UEIC,UNIVERSAL ELECTRONICS INC
VCRA,VOCERA COMMUNICATIONS INC
MDP,MEREDITH CORP
FSP,FRANKLIN STREET PROPERTIES REIT CO
QADA,QAD INC CLASS A
EVER,EVERQUOTE INC CLASS A
SPWR,SUNPOWER CORP
ADTN,ADTRAN INC
ATRA,ATARA BIOTHERAPEUTICS INC
HLIT,HARMONIC INC
HMST,HOMESTREET INC
LENB,LENNAR CORP CLASS B
AOBC,AMERICAN OUTDOOR BRANDS CORP
MRSN,MERSANA THERAPEUTICS INC
SRDX,SURMODICS INC
CALA,CALITHERA BIOSCIENCES INC
CRTX,CORTEXYME INC
ENVA,ENOVA INTERNATIONAL INC
EFC,ELLINGTON FINANCIAL INC
KELYA,KELLY SERVICES INC CLASS A
HTBK,HERITAGE COMMERCE CORP
NMRK,NEWMARK GROUP INC CLASS A
INTL,INTL FCSTONE INC
ABTX,ALLEGIANCE BANCSHARES INC
AGX,ARGAN INC
APOG,APOGEE ENTERPRISES INC
TPRE,THIRD POINT REINSURANCE LTD
YORW,YORK WATER
GBX,GREENBRIER INC
GNMK,GENMARK DIAGNOSTICS INC
WNC,WABASH NATIONAL CORP
WMK,WEIS MARKETS INC
CMTL,COMTECH TELECOMMUNICATIONS CORP
TR,TOOTSIE ROLL INDUSTRIES INC
GRC,GORMAN-RUPP
ANIK,ANIKA THERAPEUTICS INC
HCAT,HEALTH CATALYST INC
BMTC,BRYN MAWR BANK CORP
EBIX,EBIX INC
ANAT,AMERICAN NATIONAL INSURANCE
CYRX,CRYOPORT INC
PQG,PQ GROUP HOLDINGS INC
TRST,TRUSTCO BANK CORP
CARA,CARA THERAPEUTICS INC
AHH,ARMADA HOFFLER PROPERTIES REIT INC
ANAB,ANAPTYSBIO INC
GRPN,GROUPON INC
NXTC,NEXTCURE INC
CASS,CASS INFORMATION SYSTEMS INC
HSKA,HESKA CORP
QUOT,QUOTIENT TECHNOLOGY INC
CRMT,AMERICAS CAR-MART INC
SRCE,1ST SOURCE CORP
OEC,ORION ENGINEERED CARBONS SA
GME,GAMESTOP CORP CLASS A
TPIC,TPI COMPOSITES INC
TILE,INTERFACE INC
AXNX,AXONICS MODULATION TECHNOLOGIES IN
MTEM,MOLECULAR TEMPLATES INC
VKTX,VIKING THERAPEUTICS INC
EAF,GRAFTECH INTERNATIONAL LTD
RDNT,RADNET INC
OPCH,OPTION CARE HEALTH INC
RLGY,REALOGY HOLDINGS CORP
PAHC,PHIBRO ANIMAL HEALTH CORP CLASS A
BDTX,BLACK DIAMOND THERAPEUTICS INC
THR,THERMON GROUP HOLDINGS INC
VEC,VECTRUS INC
ONEM,1LIFE HEALTHCARE INC
PLCE,CHILDRENS PLACE INC
PNTG,PENNANT GROUP INC
PFBC,PREFERRED BANK
OMI,OWENS & MINOR INC
TGH,TEXTAINER GROUP HOLDINGS LTD
SP,SP PLUS CORP
SRI,STONERIDGE INC
UBA,URSTADT BIDDLE PROPERTIES REIT INC
PEBO,PEOPLES BANCORP INC
CTBI,COMMUNITY TRUST BANCORP INC
BCRX,BIOCRYST PHARMACEUTICALS INC
IVR,INVESCO MORTGAGE CAPITAL REIT INC
CIO,CITY OFFICE REIT INC
TNK,TEEKAY TANKERS LTD CLASS A
VHC,VIRNETX HOLDING CORP
FLWS,1-800 FLOWERS.COM INC CLASS A
ZIOP,ZIOPHARM ONCOLOGY INC
LBAI,LAKELAND BANCORP INC
GLDD,GREAT LAKES DREDGE AND DOCK CORP
ATRS,ANTARES PHARMA INC
BJRI,BJS RESTAURANTS INC
ARDX,ARDELYX INC
UPWK,UPWORK INC
KIDS,ORTHOPEDIATRICS CORP
FORR,FORRESTER RESEARCH INC
TCX,TUCOWS INC
VIVO,MERIDIAN BIOSCIENCE INC
VRS,VERSO CORP CLASS A
CTT,CATCHMARK TIMBER TRUST INC CLASS A
GTHX,G1 THERAPEUTICS INC
VECO,VEECO INSTRUMENTS INC
QNST,QUINSTREET INC
SIG,SIGNET JEWELERS LTD
WETF,WISDOMTREE INVESTMENTS INC
DCOM,DIME COMMUNITY BANCSHARES INC
CFB,CROSSFIRST BANKSHARES INC
UVSP,UNIVEST FINANCIAL CORP
MOBL,MOBILEIRON INC
NTLA,INTELLIA THERAPEUTICS INC
CPRX,CATALYST PHARMACEUTICALS INC
PLT,PLANTRONICS INC
HEES,H AND E EQUIPMENT SERVICES INC
UMH,UMH PROPERTIES REIT INC
NERV,MINERVA NEUROSCIENCES INC
NXGN,NEXTGEN HEALTHCARE INC
PRTA,PROTHENA PLC
NVEE,NV5 GLOBAL INC
WASH,WASHINGTON TRUST BANCORP INC
AXL,AMERICAN AXLE AND MANUFACTURING HO
GTT,GTT COMMUNICATIONS INC
ARCB,ARCBEST CORP
LMAT,LEMAITRE VASCULAR INC
BANC,BANC OF CALIFORNIA INC
LILA,LIBERTY LATIN AMERICA LTD CLASS A
LC,LENDINGCLUB CORP
AGYS,AGILISYS INC
RWT,REDWOOD TRUST REIT INC
ARR,ARMOUR RESIDENTIAL REIT INC
WSBF,WATERSTONE FINANCIAL INC
CAC,CAMDEN NATIONAL CORP
CTMX,CYTOMX THERAPEUTICS INC
ATHX,ATHERSYS INC
URGN,UROGEN PHARMA LTD
KRYS,KRYSTAL BIOTECH INC
EBF,ENNIS INC
RMR,RMR GROUP INC CLASS A
KRA,KRATON CORP
RPT,RPT REALTY
PACB,PACIFIC BIOSCIENCES OF CALIFORNIA
GES,GUESS INC
TBBK,BANCORP INC
CNDT,CONDUENT INC
CPF,CENTRAL PACIFIC FINANCIAL CORP
OSPN,ONESPAN INC
HBNC,HORIZON BNCP IND
OII,OCEANEERING INTERNATIONAL INC
WRLD,WORLD ACCEPTANCE CORP
MYE,MYERS INDUSTRIES INC
CLVS,CLOVIS ONCOLOGY INC
EVH,EVOLENT HEALTH INC CLASS A
CMO,CAPSTEAD MORTGAGE REIT CORP
GIII,G III APPAREL GROUP LTD
PARR,PAR PACIFIC HOLDINGS INC
PLAY,DAVE AND BUSTERS ENTERTAINMENT INC
NWLI,NATIONAL WESTERN LIFE GROUP INC CL
RVMD,REVOLUTION MEDICINES INC
SPAR,SPARTAN MOTORS INC
NGM,NGM BIOPHARMACEUTICALS INC
APPS,DIGITAL TURBINE INC
CALX,CALIX NETWORKS INC
RESI,FRONT YARD RESIDENTIAL CORP
MCRI,MONARCH CASINO AND RESORT INC
GMRE,GLOBAL MEDICAL REIT INC
GPOR,GULFPORT ENERGY CORP
MSGN,MSG NETWORKS INC CLASS A
TRC,TEJON RANCH
BSTC,BIOSPECIFICS TECHNOLOGIES CORP
TRTX,TPG RE FINANCE TRUST INC
ZUMZ,ZUMIEZ INC
APEI,AMERICAN PUBLIC EDUCATION INC
CLW,CLEARWATER PAPER CORP
SLP,SIMULATIONS PLUS INC
NX,QUANEX BUILDING PRODUCTS CORP
HZO,MARINEMAX INC
ASMB,ASSEMBLY BIOSCIENCES INC
RMAX,RE MAX HOLDINGS INC CLASS A
CUE,CUE BIOPHARMA INC
ECHO,ECHO GLOBAL LOGISTICS INC
SM,SM ENERGY
GSBC,GREAT SOUTHERN BANCORP INC
VVI,VIAD CORP
EIDX,EIDOS THERAPEUTICS INC
MBWM,MERCANTILE BANK CORP
SYRS,SYROS PHARMACEUTICALS INC
BE,BLOOM ENERGY CLASS A CORP
GTS,TRIPLE S MANAGEMENT CORP CLASS B
MNK,MALLINCKRODT
ANIP,ANI PHARMACEUTICALS INC
CRAI,CRA INTERNATIONAL INC
BFS,SAUL CENTERS REIT INC
TBIO,TRANSLATE BIO INC
DBI,DESIGNER BRANDS INC CLASS A
LFVN,LIFEVANTAGE CORP
ZYXI,ZYNEX INC
GPRO,GOPRO INC CLASS A
MRC,MRC GLOBAL INC
PI,IMPINJ INC
KREF,KKR REAL ESTATE FINANCE INC TRUST
LGFA,LIONS GATE ENTERTAINMENT VOTING CO
SSP,EW SCRIPPS CLASS A
FIXX,HOMOLOGY MEDICINES INC
FCBC,FIRST COMMUNITY BANKSHARES INC
CRVL,CORVEL CORP
USM,UNITED STATES CELLULAR CORP
MTSC,MTS SYSTEMS CORP
MEIP,MEI PHARMA INC
ACBI,ATLANTIC CAPITAL BANCSHARES INC
IOTS,ADESTO TECHNOLOGIES CORP
TVTY,TIVITY HEALTH INC
CLNC,COLONY CREDIT REAL ESTATE INC CLAS
MYRG,MYR GROUP INC
ATEN,A10 NETWORKS INC
NEX,NEXTIER OILFIELD SOLUTIONS INC
HTZ,HERTZ GLOBAL HOLDINGS INC
PUB,PEOPLES UTAH
FLIC,FIRST OF LONG ISLAND CORP
KBAL,KIMBALL INTERNATIONAL INC CLASS B
BDSI,BIODELIVERY SCIENCES INTERNATIONAL
ANGO,ANGIODYNAMICS INC
TG,TREDEGAR CORP
LOCO,EL POLLO LOCO INC
HIBB,HIBBETT SPORTS INC
MSBI,MIDLAND STATES BANCORP INC
SCHN,SCHNITZER STEEL INDUSTRIES INC CLA
BCEI,BONANZA CREEK ENERGY INC
HSII,HEIDRICK AND STRUGGLES INTERNATION
MCS,THE MARCUS CORP
BKE,BUCKLE INC
GTES,GATES INDUSTRIAL PLC
CDXC,CHROMADEX CORP
FBMS,FIRST BANCSHARES INC
FBK,FB FINANCIAL CORP
DSPG,DSP GROUP INC
FFG,FBL FINANCIAL GROUP INC CLASS A
CHEF,CHEFS WAREHOUSE INC
ASC,ARDMORE SHIPPING CORP
OCUL,OCULAR THERAPEUTIX INC
THFF,FIRST FINANCIAL CORPORATION INDIAN
MEET,THE MEET GROUP INC
JOUT,JOHNSON OUTDOORS INC CLASS A
CNXN,PC CONNECTION INC
VIE,VIELA BIO INC
PDFS,PDF SOLUTIONS INC
DDS,DILLARDS INC CLASS A
BTAI,BIOXCEL THERAPEUTICS INC
CARS,CARS.COM INC
LXFR,LUXFER HOLDINGS PLC
HCKT,HACKETT GROUP INC
SRNE,SORRENTO THERAPEUTICS INC
SGRY,SURGERY PARTNERS INC
AMSWA,AMERICAN SOFTWARE INC CLASS A
CLNE,CLEAN ENERGY FUELS CORP
VSLR,VIVINT SOLAR INC
NPK,NATIONAL PRESTO INDUSTRIES INC
DSSI,DIAMOND S SHIPPING INC
TGI,TRIUMPH GROUP INC
FF,FUTUREFUEL CORP
CLDT,CHATHAM LODGING TRUST REIT
ASIX,ADVANSIX INC
OBNK,ORIGIN BANCORP INC
VAPO,VAPOTHERM INC
EXTR,EXTREME NETWORKS INC
WINA,WINMARK CORP
PSNL,PERSONALIS INC
XENT,INTERSECT ENT INC
DBD,DIEBOLD NIXDORF INC
ROAD,CONSTRUCTION PARTNERS INC CLASS A
PING,PING IDENTITY HOLDING CORP
HCCI,HERITAGE CRYSTAL INC
CATS,CATASYS INC
PHAT,PHATHOM PHARMACEUTICALS INC
CPE,CALLON PETROLEUM
CYH,COMMUNITY HEALTH SYSTEMS INC
AVD,AMER VANGUARD CORP
HY,HYSTER YALE MATERIALS HANDLING INC
REX,REX AMERICAN RESOURCES CORP
OOMA,OOMA INC
PGC,PEAPACK GLADSTONE FINANCIAL CORP
FFIC,FLUSHING FINANCIAL CORP
AKTS,AKOUSTIS TECHNOLOGIES INC
GCO,GENESCO INC
BOOM,DMC GLOBAL INC
PRVL,PREVAIL THERAPEUTICS INC
BDGE,BRIDGE BANCORP INC
EB,EVENTBRITE CLASS A INC
AMK,ASSETMARK FINANCIAL HOLDINGS INC
NOVA,SUNNOVA ENERGY INTERNATIONAL INC
MGNX,MACROGENICS INC
STFC,STATE AUTO FINANCIAL CORP
FMBH,FIRST MID BANCSHARES INC
BNFT,BENEFITFOCUS INC
CBTX,CBTX INC
CMRE,COSTAMARE INC
OPB,OPUS BANK
CENT,CENTRAL GARDEN AND PET
VBIV,VBI VACCINES INC
APRE,APREA THERAPEUTICS INC
SWTX,SPRINGWORKS THERAPEUTICS INC
BV,BRIGHTVIEW HOLDINGS INC
NSSC,NAPCO SECURITY TECHNOLOGIES INC
AROW,ARROW FINANCIAL CORP
TRWH,TWIN RIVER WORLDWIDE HOLDINGS INC
CUBI,CUSTOMERS BANCORP INC
ARQT,ARCUTIS BIOTHERAPEUTICS INC
CNSL,CONSOLIDATED COMMUNICATIONS HOLDIN
RST,ROSETTA STONE INC
HCI,HCI GROUP INC
RGS,REGIS CORP
SCVL,SHOE CARNIVAL INC
DOMO,DOMO INC CLASS B
RUTH,RUTHS HOSPITALITY GROUP INC
PUMP,PROPETRO HOLDING CORP
HTBI,HOMETRUST BANCSHARES INC
LAND,GLADSTONE LAND REIT CORP
SXC,SUNCOKE ENERGY INC
SIGA,SIGA TECHNOLOGIES INC
RIGL,RIGEL PHARMACEUTICALS INC
BFC,BANK FIRST CORP
ODT,ODONATE THERAPEUTICS INC
HLX,HELIX ENERGY SOLUTIONS GROUP INC
AXGN,AXOGEN INC
PBYI,PUMA BIOTECHNOLOGY INC
BY,BYLINE BANCORP INC
PGNX,PROGENICS PHARMACEUTICALS INC
RBCAA,REPUBLIC BANCORP INC CLASS A
SENEA,SENECA FOODS CORP CLASS A
BHB,BAR HARBOR BANKSHARES
BBSI,BARRETT BUSINESS SERVICES INC
IIIV,I3 VERTICALS INC CLASS A
AMRC,AMERESCO INC CLASS A
TXMD,THERAPEUTICSMD INC
IBCP,INDEPENDENT BANK CORP
ZIXI,ZIX CORP
FULC,FULCRUM THERAPEUTICS INC
XBIT,XBIOTECH INC
LOB,LIVE OAK BANCSHARES INC
SPT,SPROUT SOCIAL INC CLASS A
AMRX,AMNEAL PHARMACEUTICALS INC CLASS A
EVRI,EVERI HOLDINGS INC
DXPE,DXP ENTERPRISES INC
BLX,BANCO LATINOAMERICANO DE COMERCIO
FMNB,FARMERS NATIONAL BANC CORP
TRNS,TRANSCAT INC
HWKN,HAWKINS INC
TSC,TRISTATE CAPITAL HOLDINGS INC
MLR,MILLER INDUSTRIES INC
DHIL,DIAMOND HILL INVESTMENT GROUP INC
CAL,CALERES INC
PDLI,PDL BIOPHARMA INC
KE,KIMBALL ELECTRONICS INC
PFSI,PENNYMAC FINANCIAL SERVICES INC
FLXN,FLEXION THERAPEUTICS INC
MTW,MANITOWOC INC
CETV,CENTRAL EUROPEAN MEDIA ENTERPRISES
USCR,U S CONCRETE INC
OYST,OYSTER POINT PHARMA INC
AVRO,AVROBIO INC
FSB,FRANKLIN FINANCIAL NETWORK INC
MIK,MICHAELS COMPANIES INC
OSW,ONESPAWORLD HOLDINGS LTD
JCAP,JERNIGAN CAPITAL INC
PCYO,PURE CYCLE CORP
EROS,EROS INTERNATIONAL PLC CLASS A
CCRN,CROSS COUNTRY HEALTHCARE INC
SPPI,SPECTRUM PHARMACEUTICALS INC
SRG,SERITAGE GROWTH PROPERTIES CLA
SRRK,SCHOLAR ROCK HOLDING CORP
IIIN,INSTEEL INDUSTRIES INC
DFIN,DONNELLEY FINANCIAL SOLUTIONS INC
NOG,NORTHERN OIL AND GAS INC
HAFC,HANMI FINANCIAL CORP
RILY,B RILEY FINANCIAL INC
PGNY,PROGYNY INC
GPMT,GRANITE POINT MORTGAGE TRUST INC
CDMO,AVID BIOSERVICES INC
CSTL,CASTLE BIOSCIENCES INC
CATO,CATO CORP CLASS A
KOP,KOPPERS HOLDINGS INC
IGMS,IGM BIOSCIENCES INC
TK,TEEKAY CORP
CWCO,CONSOLIDATED WATER LTD
MOFG,MIDWESTONE FINANCIAL GROUP INC
PGEN,PRECIGEN INC
CLCT,COLLECTORS UNIVERSE INC
FLDM,FLUIDIGM CORP
DVAX,DYNAVAX TECHNOLOGIES CORP
APTS,PREFERRED APARTMENT COMMUNITIES RE
STOK,STOKE THERAPEUTICS INC
FCAP,FIRST CAPITAL INC
AMAG,AMAG PHARMACEUTICALS INC
QTRX,QUANTERIX CORP
ORC,ORCHID ISLAND CAPITAL INC
LNDC,LANDEC CORP
BFYT,BENEFYTT TECHNOLOGIES INC CLASS A
CTSO,CYTOSORBENTS CORP
LORL,LORAL SPACE AND COMMUNICATIONS INC
ETH,ETHAN ALLEN INC
BTU,PEABODY ENERGY CORP
AMTB,AMERANT BANCORP INC CLASS A
OFLX,OMEGA FLEX INC
TBNK,TERRITORIAL BANCORP INC
UTMD,UTAH MEDICAL PRODUCTS INC
ERII,ENERGY RECOVERY INC
UFPT,UFP TECHNOLOGIES INC
DGII,DIGI INTERNATIONAL INC
DCO,DUCOMMUN INC
CELH,CELSIUS HOLDINGS INC
EXPI,EXP WORLD HOLDINGS INC
TIPT,TIPTREE INC
PFIS,PEOPLES FINANCIAL SERVICES CORP
SNR,NEW SENIOR INVESTMENT GROUP INC
FRPH,FRP HOLDINGS INC
BZH,BEAZER HOMES INC
ARTNA,ARTESIAN RESOURCES CORP CLASS A
RGP,RESOURCES CONNECTION INC
WTBA,WEST BANCORPORATION INC
REPL,REPLIMUNE GROUP INC
CWH,CAMPING WORLD HOLDINGS INC CLASS A
APLT,APPLIED THERAPEUTICS INC
PKE,PARK AEROSPACE CORP
HMTV,HEMISPHERE MEDIA GROUP INC CLASS A
MORF,MORPHIC HOLDING INC
ELF,ELF BEAUTY INC
SONA,SOUTHERN NATIONAL BANCORP OF VIRGI
FI,FRANK S INTERNATIONAL NV
FC,FRANKLIN COVEY
WTTR,SELECT ENERGY SERVICES INC CLASS A
TPC,TUTOR PERINI CORP
CAI,CAI INTERNATIONAL INC
VPG,VISHAY PRECISION GROUP INC
VYGR,VOYAGER THERAPEUTICS INC
WTRE,WATFORD HOLDINGS LTD
DTIL,PRECISION BIOSCIENCES INC
COWN,COWEN INC CLASS A
AKRO,AKERO THERAPEUTICS INC
CMCT,CIM COMMERICAL TRUST CORP
MPAA,MOTORCAR PARTS OF AMERICA INC
HAYN,HAYNES INTERNATIONAL INC
EQBK,EQUITY BANCSHARES INC CLASS A
BEAM,BEAM THERAPEUTICS INC
WTI,W AND T OFFSHORE INC
HRTG,HERITAGE INSURANCE HOLDINGS INC
EZPW,EZCORP NON VOTING INC CLASS A
ATEC,ALPHATEC HOLDNGS INC
CSTE,CAESARSTONE LTD
AKCA,AKCEA THERAPEUTICS INC
MTRX,MATRIX SERVICE
STRL,STERLING CONSTRUCTION INC
AVXL,ANAVEX LIFE SCIENCES CORP
CSTR,CAPSTAR FINANCIAL HOLDINGS INC
LPG,DORIAN LPG LTD
CHUY,CHUYS HOLDINGS INC
RC,READY CAPITAL CORP
CPSI,COMPUTER PROGRAMS AND SYSTEMS INC
FMAO,FARMERS AND MERCHANTS BANCORP INC
GCAP,GAIN CAPITAL HOLDINGS INC
RMBI,RICHMOND MUTUAL BANCORPORATION INC
GBLI,GLOBAL INDEMNITY LTD CLASS A
MITK,MITEK SYSTEMS INC
SCU,SCULPTOR CAPITAL MANAGEMENT INC CL
DX,DYNEX CAPITAL REIT INC
RGCO,RGC RESOURCES INC
NWPX,NORTHWEST PIPE
GPRE,GREEN PLAINS INC
PAYS,PAYSIGN INC
TRUE,TRUECAR INC
MGTX,MEIRAGTX HOLDINGS PLC
FRAF,FRANKLIN FINANCIAL SERVICES CORP
GALT,GALECTIN THERAPEUTICS INC
TEN,TENNECO INC CLASS A
LCI,LANNETT COMPANY INC
CENX,CENTURY ALUMINUM
NVEC,NVE CORP
FISI,FINANCIAL INSTITUTIONS INC
MMAC,MMA CAPITAL HOLDINGS INC
SGH,SMART GLOBAL HOLDINGS INC
AMC,AMC ENTERTAINMENT HOLDINGS INC CLA
BYSI,BEYONDSPRING INC
WSR,WHITESTONE REIT
AXDX,ACCELERATE DIAGNOSTICS INC
UNTY,UNITY BANCORP INC
PCSB,PCSB FINANCIAL CORP
RRBI,RED RIVER BANCSHARES INC
CNBKA,CENTURY BANCORP INC CLASS A
GNTY,GUARANTY BANCSHARES INC
HVT,HAVERTY FURNITURE COMPANIES INC
GEFB,GREIF INC CLASS B
CBMG,CELLULAR BIOMEDICINE GROUP INC
EIGI,ENDURANCE INTERNATIONAL GROUP HOLD
NPTN,NEOPHOTONICS CORP
GERN,GERON CORP
QEP,QEP RESOURCES INC
RUSHB,RUSH ENTERPRISES INC CLASS B
CCBG,CAPITAL CITY BANK INC
CDZI,CADIZ INC
HUD,HUDSON LTD CLASS A
SPNE,SEASPINE HOLDINGS CORP
WNEB,WESTERN NEW ENGLAND BANCORP INC
VIR,VIR BIOTECHNOLOGY INC
OSBC,OLD SECOND BANCORP INC
FOR,FORESTAR GROUP INC
CSV,CARRIAGE SERVICES INC
ARD,ARDAGH GROUP SA CLASS A
AGEN,AGENUS INC
ALBO,ALBIREO PHARMA INC
LBC,LUTHER BURBANK CORP
BWB,BRIDGEWATER BANCSHARES INC
KNSA,KINIKSA PHARMACEUTICALS LTD CLASS
SOI,SOLARIS OILFIELD INFRASTRUCTURE IN
AFMD,AFFIMED NV
TACO,DEL TACO RESTAURANTS INC
AGLE,AEGLEA BIOTHERAPEUTICS INC
SYX,SYSTEMAX INC
BCEL,ATRECA INC CLASS A
AXTI,AXT INC
TALO,TALOS ENERGY INC
FPI,FARMLAND PARTNERS INC
CCB,COASTAL FINANCIAL CORP
CRDA,CRAWFORD CLASS A
IHC,INDEPENDENCE HOLDING
ATRO,ASTRONICS CORP
INS,INTELLIGENT SYSTEMS CORP
SSTI,SHOTSPOTTER INC
MVBF,MONONGAHELA POWER CORP
LMNR,LIMONEIRA
BRP,BRP GROUP INC CLASS A
ACRE,ARES COMMERCIAL REAL ESTATE REIT C
AMSC,AMERICAN SUPERCONDUCTOR CORP
BCOV,BRIGHTCOVE INC
IVC,INVACARE CORP
EIGR,EIGER BIOPHARMACEUTICALS INC
EBTC,ENTERPRISE BANCORP INC
FSBW,FS BANCORP INC
PTGX,PROTAGONIST THERAPEUTICS INC
CEIX,CONSOL ENERGY INC
NCMI,NATIONAL CINEMEDIA INC
OAS,OASIS PETROLEUM INC
CIA,CITIZENS INC CLASS A
CHMA,CHIASMA INC
DHX,DHI GROUP INC
BOMN,BOSTON OMAHA CORP CLASS A
AAOI,APPLIED OPTOELECTRONICS INC
ARLO,ARLO TECHNOLOGIES INC
UEC,URANIUM ENERGY CORP
MFNC,MACKINAC FINANCIAL CORP
RVI,RETAIL VALUE INC
SPWH,SPORTSMANS WAREHOUSE HOLDINGS INC
MCFT,MASTERCRAFT BOAT HOLDINGS INC
BSRR,SIERRA BANCORP
AJX,GREAT AJAX CORP
SPFI,SOUTH PLAINS FINANCIAL INC
CZNC,CITIZENS AND NORTHERN CORP
MBIN,MERCHANTS BANCORP REPRESENTIN
GORO,GOLD RESOURCE CORP
PAR,PAR TECHNOLOGY CORP
CAMP,CALAMP CORP
NWFL,NORWOOD FINANCIAL CORP
LIND,LINDBLAD EXPEDITIONS HOLDINGS INC
CNR,CORNERSTONE BUILDING BRANDS INC
CUTR,CUTERA INC
BATRA,LIBERTY MEDIA LIBERTY BRAVES CORP
CCNE,CNB FINANCIAL CORP
IMXI,INTERNATIONAL MONEY EXPRESS INC
MNSB,MAINSTREET BANCSHARES INC
MNRL,BRIGHAM MINERALS INC CLASS A
WLDN,WILLDAN GROUP INC
HONE,HARBORONE BANCORP INC
RVSB,RIVERVIEW BANCORP INC
MNKD,MANNKIND CORP
HBT,HBT FINANCIAL INC
ADRO,ADURO BIOTECH INC
SPOK,SPOK HOLDINGS INC
CIR,CIRCOR INTERNATIONAL INC
CPS,COOPER STANDARD HOLDINGS INC
AT,ATLANTIC POWER CORP
BRT,BRT APARTMENTS CORP
JYNT,JOINT CORP
GRTS,GRITSTONE ONCOLOGY INC
OIS,OIL STATES INTERNATIONAL INC
RUBY,RUBIUS THERAPEUTICS INC
PKBK,PARKE BANCORP INC
CATC,CAMBRIDGE BANCORP
CARE,CARTER BANK AND TRUST
SIBN,SI BONE INC
LEVL,LEVEL ONE BANCORP INC
CIVB,CIVISTA BANCSHARES INC
TSBK,TIMBERLAND BANCORP INC
CDEV,CENTENNIAL RESOURCE DEVELOPMENT IN
MCBS,METROCITY BANKSHARES INC
RCKY,ROCKY BRANDS INC
POWL,POWELL INDUSTRIES INC
ECOM,CHANNELADVISOR CORP
DJCO,DAILY JOURNAL CORP
VRCA,VERRICA PHARMACEUTICALS INC
NKSH,NATIONAL BANKSHARES INC
BLBD,BLUE BIRD CORP
MCBC,MACATAWA BANK CORP
OPY,OPPENHEIMER HOLDINGS NON VOTING IN
BRY,BERRY
DNR,DENBURY RESOURCES INC
MOD,MODINE MANUFACTURING
SLCT,SELECT BANCORP INC
FDBC,FIDELITY D AND D BANCORP INC
LBRT,LIBERTY OILFIELD SERVICES INC CLAS
OVLY,OAK VALLEY BANCORP
AMNB,AMERICAN NATIONAL BANKSHARES INC
CORR,CORENERGY INFRASTRUCTURE TRUST REI
EXTN,EXTERRAN CORP
FVCB,FVCBANKCORP INC
WVE,WAVE LIFE SCIENCES LTD
AVID,AVID TECHNOLOGY INC
OPRX,OPTIMIZERX CORP
PFNX,PFENEX INC
ORBC,ORBCOMM INC
TNAV,TELENAV INC
LDL,LYDALL INC
NODK,NI HOLDINGS INC
TMDX,TRANSMEDICS GROUP INC
RES,RPC INC
ADES,ADVANCED EMISSIONS SOLUTIONS INC
ACRX,ACELRX PHARMACEUTICALS INC
EGAN,EGAIN CORP
RRGB,RED ROBIN GOURMET BURGERS INC
ESQ,ESQUIRE FINANCIAL HOLDINGS INC
HURC,HURCO COMPANIES INC
AOSL,ALPHA AND OMEGA SEMICONDUCTOR LTD
ADMA,ADMA BIOLOGICS INC
SLCA,US SILICA HOLDINGS INC
PBIP,PRUDENTIAL BANCORP INC
TDW,TIDEWATER INC
HIFS,HINGHAM INSTITUTION FOR SAVINGS
IMMR,IMMERSION CORP
FSTR,LB FOSTER
FRGI,FIESTA RESTAURANT GROUP INC
LAWS,LAWSON PRODUCTS INC
OVBC,OHIO VALLEY BANC CORP
OLP,ONE LIBERTY PROPERTIES REIT INC
PICO,PICO HOLDINGS INC
NESR,NATIONAL ENERGY SERVICES REUNITED
GDP,GOODRICH PETE CORP
BOCH,BANK OF COMMERCE HOLDINGS
NATH,NATHANS FAMOUS INC
UUUU,ENERGY FUELS INC
BPRN,THE BANK OF PRINCETON
MPB,MID PENN BANCORP INC
TPCO,TRIBUNE PUBLISHING
TCRR,TCR2 THERAPEUTICS INC
ESXB,COMMUNITY BANKERS CORP TRUST
RBBN,RIBBON COMMUNICATIONS INC
KRO,KRONOS WORLDWIDE INC
FRBA,FIRST BANK
KIN,KINDRED BIOSCIENCES INC
HT,HERSHA HOSPITALITY REIT TRUST CLAS
LL,LUMBER LIQUIDATORS HOLDINGS INC
CPLG,COREPOINT LODGING INC
TLYS,TILLYS INC CLASS A
AMOT,ALLIED MOTION TECHNOLOGIES INC
SALT,SCORPIO BULKERS INC
PDLB,PDL COMMUNITY BANCORP
SFST,SOUTHERN FIRST BANCSHARES INC
BFIN,BANKFINANCIAL CORP
GLRE,GREENLIGHT CAPITAL LTD CLASS A
IDT,IDT CORP CLASS B
SBBX,SB ONE BANCORP
MOV,MOVADO GROUP INC
EVBN,EVANS BANCORP INC
SCOR,COMSCORE INC
OPBK,OPEN BANK
ITIC,INVESTORS TITLE
FNLC,FIRST BANCORP INC
CRNX,CRINETICS PHARMACEUTICALS INC
DMRC,DIGIMARC CORP
GLOG,GASLOG LTD
FCCY,1ST CONSTITUTION BANCORP
REVG,REV GROUP INC
PEBK,PEOPLES BANCORP OF NORTH CAROLINA
APYX,APYX MEDICAL CORP
SMBK,SMARTFINANCIAL INC
HMHC,HOUGHTON MIFFLIN HARCOURT
UBFO,UNITED SECURITY BANCSHARES
CRMD,CORMEDIX INC
BCBP,BCB BANCORP INC
NC,NACCO INDUSTRIES INC CLASS A
RFL,RAFAEL HOLDINGS INC CLASS B
DLA,DELTA APPAREL INC
KALV,KALVISTA PHARMACEUTICALS INC
ODC,OIL DRI CORPORATION OF AMERICA
EML,EASTERN
ITI,ITERIS INC
GDEN,GOLDEN ENTERTAINMENT INC
FRTA,FORTERRA INC
GHL,GREENHILL INC
CTO,CONSOLIDATED TOMOKA LAND
UBX,UNITY BIOTECHNOLOGY INC
NRIM,NORTHRIM BANCORP INC
GTYH,GTY TECHNOLOGY HOLDINGS INC
CHS,CHICOS FAS INC
BGSF,BG STAFFING INC
BCML,BAYCOM CORP
TUP,TUPPERWARE BRANDS CORP
CTRN,CITI TRENDS INC
MNOV,MEDICINOVA INC
FCBP,FIRST CHOICE BANCORP
MGTA,MAGENTA THERAPEUTICS INC
VRAY,VIEWRAY INC
DAKT,DAKTRONICS INC
ARAY,ACCURAY INC
RBNC,RELIANT BANCORP INC
LJPC,LA JOLLA PHARMACEUTICAL
BREW,CRAFT BREW ALLIANCE INC
AMAL,AMALGAMATED BANK CLASS A
ACNB,ACNB CORP
TYME,TYME TECHNOLOGIES INC
IESC,IES INC
MSON,MISONIX INC
LTRPA,LIBERTY TRIPADVISOR HOLDINGS INC S
FBM,FOUNDATION BUILDING MATERIALS INC
FRBK,REPUBLIC FIRST BANCORP INC
RM,REGIONAL MANAGEMENT CORP
PIRS,PIERIS PHARMACEUTICALS INC
NNBR,NN INC
MCB,METROPOLITAN BANK HOLDING CORP
HBCP,HOME BANCORP INC
RTIX,RTI SURGICAL HOLDINGS INC
EXPR,EXPRESS INC
ATLO,AMES NATIONAL CORP
PTN,PALATIN TECHNOLOGIES INC
PROS,PROSIGHT GLOBAL INC
FGBI,FIRST GUARANTY BANCSHARES INC
FOSL,FOSSIL GROUP INC
CONN,CONNS INC
TAST,CARROLS RESTAURANT GROUP INC
GBL,GAMCO INVESTORS INC CLASS A
HBMD,HOWARD BANCORP INC
SMMF,SUMMIT FINANCIAL GROUP INC
TCFC,COMMUNITY FINANCIAL
BFST,BUSINESS FIRST BANCSHARES INC
VSEC,VSE CORP
TPB,TURNING POINT BRANDS INC
TISI,TEAM INC
HOFT,HOOKER FURNITURE CORP
UFI,UNIFI INC
PCB,PCB BANCORP
PFBI,PREMIER FINANCIAL BANCORP INC
WHG,WESTWOOD HOLDINGS GROUP INC
ISTR,INVESTAR HOLDING CORP
CLFD,CLEARFIELD INC
TITN,TITAN MACHINERY INC
SMBC,SOUTHERN MISSOURI BANCORP INC
STXB,SPIRIT OF TEXAS BANCSHARES INC
CLPR,CLIPPER REALTY INC
ETM,ENTERCOM COMMUNICATIONS CORP CLASS
REV,REVLON INC CLASS A
BBX,BBX CAPITAL CORP CLASS A
MLVF,MALVERN BANCORP INC
SFE,SAFEGUARD SCIENTIFICS INC
LOVE,LOVESAC COMPANY
PKOH,PARK OHIO HOLDINGS CORP
WPG,WASHINGTON PRIME GROUP INC
MLP,MAUI LAND AND PINEAPPLE INC
RLGT,RADIANT LOGISTIC INC
RBB,RBB BANCORP
SGA,SAGA COMMUNICATIONS INC CLASS A
MITT,AG MORTGAGE INVESTMENT TRUST REIT
PLPC,PREFORMED LINE PRODUCTS
SNCR,SYNCHRONOSS TECHNOLOGIES INC
GCI,GANNETT CO INC
ANH,ANWORTH MORTGAGE ASSET REIT CORP
SYNL,SYNALLOY CORP
GAIA,GAIA INC CLASS A
CNCE,CONCERT PHARMACEUTICALS INC
CECE,CECO ENVIRONMENTAL CORP
AMRS,AMYRIS INC
GEOS,GEOSPACE TECHNOLOGIES CORP
RICK,RCI HOSPITALITY HOLDINGS INC
XXII,22ND CENTURY GROUP INC
CVCY,CENTRAL VALLEY COMMUNITY BANCORP
PTVCB,PROTECTIVE INSURANCE CORP CLASS B
GRBK,GREEN BRICK PARTNERS INC
UIHC,UNITED INSURANCE HOLDINGS CORP
VRTV,VERITIV CORP
EVI,EVI INDUSTRIES INC
CVLY,CODORUS VALLEY BANCORP INC
SHBI,SHORE BANCSHARES INC
CASA,CASA SYSTEMS INC
WMC,WESTERN ASSET MORTGAGE CAPITAL REI
FBIZ,FIRST BUSINESS FINANCIAL SERVICES
HBB,HAMILTON BEACH BRANDS HOLDING COMP
FNHC,FEDNAT HOLDING COMPANY
PWOD,PENNS WOODS BANCORP INC
LCNB,LCNB CORP
FNWB,FIRST NORTHWEST BAN
IPI,INTREPID POTASH INC
EVC,ENTRAVISION COMMUNICATIONS CORP CL
WEYS,WEYCO GROUP INC
KVHI,KVH INDUSTRIES INC
GHM,GRAHAM CORP
TELL,TELLURIAN INC
MBIO,MUSTANG BIO INC
ENZ,ENZO BIOCHEM INC
BRG,BLUEROCK RESIDENTIAL GROWTH REIT C
WOW,WIDEOPENWEST INC
PRGX,PRGX GLOBAL INC
CRC,CALIFORNIA RESOURCES CORP
CFFI,C AND F FINANCIAL CORP
NBN,NORTHEAST BANK
RMTI,ROCKWELL MEDICAL INC
CMRX,CHIMERIX INC
HOME,AT HOME GROUP INC
ALDX,ALDEYRA THERAPEUTICS INC
KZR,KEZAR LIFE SCIENCES INC
PRTK,PARATEK PHARMACEUTICALS INC
VLGEA,VILLAGE SUPER MARKET INC CLASS A
LQDT,LIQUIDITY SERVICES INC
REPH,RECRO PHARMA INC
LE,LAND END INC
VIACA,VIACOMCBS INC CLASS A
CHK,CHESAPEAKE ENERGY CORP
BGG,BRIGGS AND STRATTON CORP
KALA,KALA PHARMACEUTICALS INC
CBAY,CYMABAY THERAPEUTICS INC
ASPS,ALTISOURCE PORTFOLIO SOLUTIONS SA
QUAD,QUAD GRAPHICS INC CLASS A
ORRF,ORRSTOWN FINANCIAL SERVICES INC
NBEV,NEW AGE BEVERAGES CORP
STRS,STRATUS PROPERTIES INC
OPRT,OPORTUN FINANCIAL CORP
EVLO,EVELO BIOSCIENCES INC
ACTG,ACACIA RESEARCH CORP
USLM,UNITED STATES LIME AND MINERALS IN
DGICA,DONEGAL GROUP INC CLASS A
NR,NEWPARK RESOURCES INC
NBR,NABORS INDUSTRIES LTD
ALCO,ALICO INC
SIEN,SIENTRA INC
XERS,XERIS PHARMACEUTICALS INC
TREC,TRECORA RESOURCES
TMST,TIMKENSTEEL CORP
MRKR,MARKER THERAPEUTICS INC
NTGN,NEON THERAPEUTICS INC
FNKO,FUNKO INC CLASS A
CURO,CURO GROUP HOLDINGS CORP
SB,SAFE BULKERS INC
GLYC,GLYCOMIMETICS INC
ESSA,ESSA BANCORP INC
TEUM,PARETEUM CORP
LCTX,LINEAGE CELL THERAPEUTICS INC
VRA,VERA BRADLEY INC
EGLE,EAGLE BULK SHIPPING INC
IIN,INTRICON CORP
AC,ASSOCIATED CAPITAL GROUP INC CLASS
CHMI,CHERRY HILL MORTGAGE INVESTMENT RE
ALOT,ASTRO MED INC
JNCE,JOUNCE THERAPEUTICS INC
CVTI,COVENANT TRANSPORTATION GROUP INC
BELFB,BEL FUSE INC CLASS B
AGS,PLAYAGS INC
WTRH,WAITR HOLDINGS INC
ZAGG,ZAGG INC
ZYNE,ZYNERBA PHARMACEUTICALS INC
NATR,NATURES SUNSHINE PRODUCTS INC
FPRX,FIVE PRIME THERAPEUTICS INC
CELC,CELCUITY INC
FFNW,FIRST FINANCIAL NORTHWEST INC
FLMN,FALCON MINERALS CORP CLASS A
GENC,GENCOR INDUSTRIES INC
CASI,CASI PHARMACEUTICALS INC
CNTY,CENTURY CASINOS INC
I,INTELSAT SA
PBPB,POTBELLY CORP
BWFG,BANKWELL FINANCIAL GROUP INC
GNK,GENCO SHIPPING AND TRADING LTD
USX,U S XPRESS ENTERPRISES INC CLASS A
PVAC,PENN VA CORP
BNED,BARNES AND NOBLE EDUCATION INC
GWRS,GLOBAL WATER RESOURCES INC
PEI,PENNSYLVANIA REAL ESTATE INVESTMEN
CSLT,CASTLIGHT HEALTH INC CLASS B
BHR,BRAEMAR HOTELS RESORTS INC
LQDA,LIQUIDIA TECHNOLOGIES INC
UNB,UNION BANKSHARES INC
MESA,MESA AIR GROUP INC
CHMG,CHEMUNG FINANCIAL CORP
GOGO,GOGO INC
JCP,JC PENNEY INC
WLFC,WILLIS LEASE FINANCE CORP
ZEUS,OLYMPIC STEEL INC
SIC,SELECT INTERIOR CONCEPTS INC CLASS
PVBC,PROVIDENT BANCORP INC
GPX,GP STRATEGIES CORP
LIVX,LIVEXLIVE MEDIA INC
XAN,EXANTAS CAPITAL CORP
OSG,OVERSEAS SHIPHOLDING GROUP INC CLA
RYAM,RAYONIER ADVANCED MATERIALS INC
PLSE,PULSE BIOSCIENCES INC
ESCA,ESCALADE INC
CDR,CEDAR REALTY TRUST REIT INC
NGVC,NATURAL GROCERS BY VITAMIN COTTAGE
EEX,EMERALD HOLDING INC
III,INFORMATION SERVICES GROUP INC
MRNS,MARINUS PHARMACEUTICALS INC
INBK,FIRST INTERNET BANCORP
BXG,BLUEGREEN CORP
ADMS,ADAMAS PHARMACEUTICALS INC
SD,SANDRIDGE ENERGY INC
SBT,STERLING BANCORP INC
CMLS,CUMULUS MEDIA INC CLASS A
TLRD,TAILORED BRANDS INC
CFMS,CONFORMIS INC
DS,DRIVE SHACK REIT INC
SCWX,SECUREWORKS CLASS A CORP
SAMG,SILVERCREST ASSET MANAGEMENT GROUP
FLXS,FLEXSTEEL INDUSTRIES INC
CVGI,COMMERCIAL VEHICLE GROUP INC
BH,BIGLARI HOLDINGS INCINARY CLASS B
SGC,SUPERIOR GROUP OF COMPANIES INC
JAX,J ALEXANDERS HOLDINGS INC
OPTN,OPTINOSE INC
GCBC,GREENE COUNTY BANCORP INC
LXRX,LEXICON PHARMACEUTICALS INC
MCRB,SERES THERAPEUTICS INC
NDLS,NOODLES CLASS A
ONDK,ON DECK CAPITAL INC
INWK,INNERWORKINGS INC
SVRA,SAVARA INC
MRLN,MARLIN BUSINESS SERVICES CORP
SYBX,SYNLOGIC INC
RDI,READING INTERNATIONAL NON VOTING I
TH,TARGET HOSPITALITY CORP
CTRA,CONTURA ENERGY INC
ABEO,ABEONA THERAPEUTICS INC
ESTE,EARTHSTONE ENERGY INC CLASS A
BSET,BASSETT FURNITURE INDUSTRIES INC
ELOX,ELOXX PHARMACEUTICALS INC
FARM,FARMER BROTHERS
NGS,NATURAL GAS SERVICES GROUP INC
ELVT,ELEVATE CREDIT INC
CYCN,CYCLERION THERAPEUTICS INC
ULH,UNIVERSAL LOGISTICS INC
MG,MISTRAS GROUP INC
MDCA,MDC PARTNERS INC CLASS A
MR,MONTAGE RESOURCES CORP
ARA,AMERICAN RENAL ASSOCIATES HOLDINGS
TWI,TITAN INTERNATIONAL INC
XOG,EXTRACTION OIL GAS INC
PMBC,PACIFIC MERCANTILE BANCORP
CULP,CULP INC
PHX,PANHANDLE OIL AND GAS INC CLASS A
AI,ARLINGTON ASSET INVESTMENT CLASS A
TWIN,TWIN DISC INC
SBOW,SILVERBOW RESOURCES INC
HALL,HALLMARK FINANCIAL SERVICES INC
ASRT,ASSERTIO THERAPEUTICS INC
PZN,PZENA INVESTMENT MANAGEMENT INC CL
ALTM,ALTUS MIDSTREAM COMPANY CLASS A CL
AHT,ASHFORD HOSPITALITY TRUST REIT INC
RYI,RYERSON HOLDING CORP
EPM,EVOLUTION PETROLEUM CORP
BXC,BLUELINX HOLDINGS INC
MPX,MARINE PRODUCTS CORP
TTI,TETRA TECHNOLOGIES INC
LEAF,LEAF GROUP LTD
FTK,FLOTEK INDUSTRIES INC
LCUT,LIFETIME BRANDS INC
PYX,PYXUS INTERNATIONAL INC
GEN,GENESIS HEALTHCARE INC CLASS A
SIEB,SIEBERT FINANCIAL CORP
OCN,OCWEN FINANCIAL CORP
GNC,GNC HOLDINGS INC CLASS A
YRCW,YRC WORLDWIDE INC
SDRL,SEADRILL LTD
DZSI,DASAN ZHONE SOLUTIONS INC
REI,RING ENERGY INC
MJCO,MAJESCO
SMHI,SEACOR MARINE HOLDINGS INC
CLXT,CALYXT INC
AXAS,ABRAXAS PETROLEUM CORP
HPR,HIGHPOINT RESOURCES CORP
SENS,SENSEONICS HOLDINGS INC
DSKE,DASEKE INC
SPKE,SPARK ENERGY INC CLASS A
ACOR,ACORDA THERAPEUTICS INC
AFI,ARMSTRONG FLOORING INC
FET,FORUM ENERGY TECHNOLOGIES INC
WATT,ENERGOUS CORP
EOLS,EVOLUS INC
PRTY,PARTY CITY HOLDCO INC
LXU,LSB INDUSTRIES INC
WLL,WHITING PETROLEUM CORP
TCS,CONTAINER STORE GROUP INC
CCO,CLEAR CHANNEL OUTDOOR HOLDINGS INC
FLNT,FLUENT INC
ACRS,ACLARIS THERAPEUTICS INC
DLTH,DULUTH HOLDINGS INC CLASS B
SLDB,SOLID BIOSCIENCES INC
VALU,VALUE LINE INC
KLXE,KLX ENERGY SERVICES HOLDINGS INC
AMPY,AMPLIFY ENERGY CORP
XFOR,X4 PHARMACEUTICALS INC
HNRG,HALLADOR ENERGY
AKRX,AKORN INC
RLH,RED LION HOTELS CORP
GRIF,GRIFFIN INDUSTRIAL REALTY INC
CVIA,COVIA HOLDINGS CORP
NL,NL INDUSTRIES INC
CIX,COMPX INTERNATIONAL INC
TOCA,TOCAGEN INC
ECOR,ELECTROCORE
STIM,NEURONETICS INC
XELA,EXELA TECHNOLOGIES INC
PACD,PACIFIC DRILLING SA
MNLO,MENLO THERAPEUTICS INC
BXRX,BAUDAX BIO INC
NINE,NINE ENERGY SERVICE INC
ROSE,ROSEHILL RESOURCES INC CLASS A
RNET,RIGNET INC
GFN,GENERAL FINANCE CORP
METC,RAMACO RESOURCES INC
SND,SMART SAND INC
VHI,VALHI INC
ICD,INDEPENDENCE CONTRACT DRILLING INC
RRD,RR DONNELLEY AND SONS
LPI,LAREDO PETROLEUM INC
ASNA,ASCENA RETAIL GROUP INC
CHRA,CHARAH SOLUTIONS INC
NE,NOBLE PLC
FTSI,FTS INTERNATIONAL INC
PTE,POLARITYTE INC
JILL,J JILL INC
UNT,UNIT CORP
TRXC,TRANSENTERIX INC
AGE,AGEX THERAPEUTICS INC
NCSM,NCS MULTISTAGE HOLDINGS INC
TUSK,MAMMOTH ENERGY SERVICES INC
TZOO,TRAVELZOO
CBL,CBL AND ASSOCIATES PROPERTIES REIT
CLAR,CLARUS CORP
RTW,RTW RETAILWINDS INC